20091205235443,,,,,,,,,,,,,,,,,,,,,,,,,,,,,,
 ,,,,,,,,,,,,,,,,,,,,,,,,,,,,,,
960,,,,,,,,,,,,,,,,,,,,,,,,,,,,,,
aardappel| zoete,gram,100,120.00,11.00,29.00,0,,,,,,,,,,,,,,,,,,,,,,,,
aardappelen (gekookt),gram,100,85.00,2.6,17.00,0.0,,,,,,,,,,,,,,,,,,,,,,,,
aardappelen (rauw),gram,100,84.00,2.00,20.00,0,,,,,,,,,,,,,,,,,,,,,,,,
aardappelen| gebakken,gram,100,125.00,2.00,16.00,8.6,,,,,,,,,,,,,,,,,,,,,,,,
Aardappelgratin (Delhaize),gram,100,157.00,2.00,14.20,10.2,,,,,,,,,,,,,,,,,,,,,,,,
aardappelkroketten,gram,100,220.00,3.20,27.00,12.0,stuk (33 g)=33,1,73,1,9,4,,,,,,,,,,,,,,,,,,
aardappelpuree,gram,100,100.00,2.00,12.00,4.2,,,,,,,,,,,,,,,,,,,,,,,,
aardappelsoesje,gram,100,188.00,5.3,16.4,11.2,,,,,,,,,,,,,,,,,,,,,,,,
aardappelzetmeel,gram,100,337.00,0.5,83.8,0.1,,,,,,,,,,,,,,,,,,,,,,,,
aardbeien,gram,100,24.00,1.0,5.0,0.0,,,,,,,,,,,,,,,,,,,,,,,,
aardbeien op siroop,gram,100,70.00,1.00,17.00,0,,,,,,,,,,,,,,,,,,,,,,,,
abrikoos,gram,100,56.00,1.00,10.00,0.4,stuk (35 g)=35,1,20,0.35,3.5,0.14,,,,,,,,,,,,,,,,,,
abrikoos| gedroogd,gram,100,262.00,5.00,58.00,0.5,,,,,,,,,,,,,,,,,,,,,,,,
abrikozen op siroop,gram,100,67.00,0.00,16.00,0,,,,,,,,,,,,,,,,,,,,,,,,
amandelbroodje,gram,100,463.00,7.6,43.0,28.9,stuk (120 g)=120,1,555,9.1,51.6,34.7,,,,,,,,,,,,,,,,,,
americain,gram,100,125.00,20.0,0.0,5.0,,,,,,,,,,,,,,,,,,,,,,,,
americain prepare,gram,100,244.00,16.0,0.0,20.0,,,,,,,,,,,,,,,,,,,,,,,,
amsoi (gekookt),gram,100,28.00,2.0,5.0,0.0,,,,,,,,,,,,,,,,,,,,,,,,
Ananas (op sap),gram,100,65.00,0.30,16.00,0,schijf (35 g)=35,1,23,0.1,5.6,0,,,,,,,,,,,,,,,,,,
Ananas (vers),gram,100,49.00,0.60,11.60,0.0,,,,,,,,,,,,,,,,,,,,,,,,
ananas op siroop,gram,100,77.00,0.40,19.00,0.1,schijf (35 g)=35,1,27,0.14,6.65,0.04,,,,,,,,,,,,,,,,,,
andijvie| rauw,gram,100,10.00,1.50,1.00,0,,,,,,,,,,,,,,,,,,,,,,,,
anijshagel,gram,100,393.00,0.1,98.2,0.0,,,,,,,,,,,,,,,,,,,,,,,,
ansjovis in olie,gram,100,189.00,18.0,0.0,13.0,,,,,,,,,,,,,,,,,,,,,,,,
appel| met schil,gram,100,43.00,0.30,10.40,0,stuk (groot/8 cm diameter/223g)=223,1,96,0.7,23.19,0,stuk (klein/6 cm diameter/94 g)=94,1,40,0.28,9.78,0,,,,,,,,,,,,
appel| zonder schil,gram,100,46.00,0.30,11.40,0,stuk (groot/8 cm diameter/223g)=223,1,96,0.7,23.19,0,stuk (klein/6 cm diameter/94 g)=94,1,40,0.28,9.78,0,,,,,,,,,,,,
appelbeignet (Koopmans),gram,100,200.00,3.10,26.00,8.8,stuk (85 g)=85,1,170,2.63,22.1,7.5,,,,,,,,,,,,,,,,,,
appelcarre,gram,100,318.00,3.7,38.6,16.6,stuk (110 g)=110,1,350,4.1,42.5,18.3,,,,,,,,,,,,,,,,,,
appelflap,gram,100,360.00,5.50,38.10,20.6,stuk (110 g)=110,1,396,6,41.9,22.7,,,,,,,,,,,,,,,,,,
appelmoes,gram,100,79.00,0.20,19.20,0.2,lepel (40 g)=40,1,32,0.08,7.7,0.08,,,,,,,,,,,,,,,,,,
appelmoes (verlaagd suiker),gram,100,41.00,0.30,9.60,0.2,lepel (40 g)=40,1,16,0.12,3.84,0.08,,,,,,,,,,,,,,,,,,
appelsap| ongezoet,ml,100,43.00,0.10,10.50,0,glas (200 ml)=200,1,86,0.2,21,0,,,,,,,,,,,,,,,,,,
appeltaart,gram,100,234.00,3.6,38.6,7.2,punt (90 g)=90,1,211,3.24,34.74,6.48,,,,,,,,,,,,,,,,,,
Aquarius,ml,100,28.00,0.0,7.00,0.0,blikje (330 ml)=330,1,92,0,23.1,0,flesje (50 cl)=500,1,140,0,35,0,,,,,,,,,,,,
artisjok,gram,100,49.00,2.4,9.50,0.1,,,,,,,,,,,,,,,,,,,,,,,,
asperges,gram,100,16.00,1.0,3.0,0.0,,,,,,,,,,,,,,,,,,,,,,,,
atjar tjampoer,gram,100,24.00,1.0,5.0,0.0,,,,,,,,,,,,,,,,,,,,,,,,
aubergine,gram,100,24.00,1.0,5.0,0.0,,,,,,,,,,,,,,,,,,,,,,,,
augurken,gram,100,18.00,0.9,3.6,0.0,,,,,,,,,,,,,,,,,,,,,,,,
avocado,gram,100,160.00,2.00,8.53,14.7,stuk (200 g)=200,1,320,4,17.06,29.4,,,,,,,,,,,,,,,,,,
babybel bonbel,gram,100,314.00,22.6,0.1,24.8,,,,,,,,,,,,,,,,,,,,,,,,
Bacardi Breezer,ml,100,74.00,0.00,10.00,0,glas (250 ml)=250,1,185,0,25,0,,,,,,,,,,,,,,,,,,
bacon,gram,100,430.00,13.0,0.0,42.0,,,,,,,,,,,,,,,,,,,,,,,,
bak- en braadvet,gram,100,876.00,0.3,0.0,97.3,,,,,,,,,,,,,,,,,,,,,,,,
bakbokking,gram,100,334.00,21.6,3.0,26.2,,,,,,,,,,,,,,,,,,,,,,,,
baklava,gram,100,435.00,4.2,53.7,22.7,,,,,,,,,,,,,,,,,,,,,,,,
Balisto (Yoberry-Mix),gram,100,504.00,7.40,58.90,26.4,,,,,,,,,,,,,,,,,,,,,,,,
bami goreng| gekoelde maaltijd,gram,100,155.00,6.0,18.00,6,,,,,,,,,,,,,,,,,,,,,,,,
bamibal,gram,100,274.00,7.0,30.0,14.0,stuk,1,230,,26,12,,,,,,,,,,,,,,,,,,
banaan,gram,100,83.00,1.10,19.60,0,stuk (klein/15 cm lang/81 g)=81,1,67,0.9,15.9,0,stuk (medium/19 cm lang/118 g)=118,1,98,1.3,23.1,0,stuk (groot/23 cm lang/152 g)=152,1,126,1.7,29.8,0,,,,,,
banketbakkersroom,gram,100,145.00,3.9,23.2,4.1,,,,,,,,,,,,,,,,,,,,,,,,
banketstaaf,gram,100,462.00,7.6,43.0,28.9,stuk (25 g)=25,1,115,1.9,10.8,7.2,,,,,,,,,,,,,,,,,,
barbecuesaus (gemiddeld),gram,100,92.00,1.0,22.0,0.0,,,,,,,,,,,,,,,,,,,,,,,,
basterdsuiker,gram,100,380.00,0.0,95.0,0.0,,,,,,,,,,,,,,,,,,,,,,,,
bayonne-ham,gram,100,259.00,24.0,0.2,18.0,,,,,,,,,,,,,,,,,,,,,,,,
berehap - bereklauw,gram,100,252.00,9.7,9.4,19.5,stuk (140 g)=140,1,353,13.6,13.1,27.3,,,,,,,,,,,,,,,,,,
berlinerbol,gram,100,301.00,6.00,46.00,10,stuk (60 g)=60,1,181,3.6,27.6,6,,,,,,,,,,,,,,,,,,
beschuit,gram,100,379.00,9.9,75.5,4.2,,,,,,,,,,,,,,,,,,,,,,,,
bessen| aal-| (rode of witte),gram,100,24.00,1.00,5.00,0,,,,,,,,,,,,,,,,,,,,,,,,
bessen| blauwe,gram,100,48.00,1.00,11.00,0.0,,,,,,,,,,,,,,,,,,,,,,,,
bessen| bos-,gram,100,28.00,1.00,6.00,0,,,,,,,,,,,,,,,,,,,,,,,,
bessen| bos-| op siroop,gram,100,95.00,1.30,22.50,0,,,,,,,,,,,,,,,,,,,,,,,,
bessen| braam-,gram,100,38.00,1.2,7.2,0.5,,,,,,,,,,,,,,,,,,,,,,,,
bessen| kruis-,gram,100,40.00,1.0,9.0,0.0,,,,,,,,,,,,,,,,,,,,,,,,
bessen| veen-| gedroogd,gram,100,,,82.36,,,,,,,,,,,,,,,,,,,,,,,,,
bessen| vossen-,gram,100,57.00,1.00,11.00,1,,,,,,,,,,,,,,,,,,,,,,,,
bessen| zwarte,gram,100,40.00,2.0,8.0,0.0,,,,,,,,,,,,,,,,,,,,,,,,
bessensap,gram,100,36.00,0.00,9.00,0,,,,,,,,,,,,,,,,,,,,,,,,
bieflap,gram,100,168.00,27.8,0.8,6.0,,,,,,,,,,,,,,,,,,,,,,,,
biefstuk,gram,100,115.00,22.0,0.0,3.0,,,,,,,,,,,,,,,,,,,,,,,,
bier - Abdijbier,ml,100,60.00,,5.20,,fles (250 ml)=250,1,150,,13,,fles (330 ml)=330,1,198,,17.16,,,,,,,,,,,,,
bier - alcoholarm| -vrij,ml,100,22.00,,5.00,,fles (250 ml)=250,1,55,,12.5,,fles (330 ml)=330,1,73,,16.5,,,,,,,,,,,,,
bier - Belle Vue Kriek,ml,100,42.00,,4.60,,fles (250 ml)=250,1,105,,11.5,,fles (330 ml)=330,1,139,,15.18,,,,,,,,,,,,,
bier - blond,ml,100,64.00,,3.68,,fles (250 ml)=250,1,160,,9.2,,fles (330 ml)=330,1,211,,12.144,,,,,,,,,,,,,
bier - Duvel,ml,100,62.00,,3.79,,fles (250 ml)=250,1,155,,9.475,,fles (330 ml)=330,1,205,,12.507,,,,,,,,,,,,,
bier - gueuze,ml,100,46.00,,3.76,,fles (250 ml)=250,1,115,,9.4,,fles (330 ml)=330,1,152,,12.408,,,,,,,,,,,,,
bier - kriek,ml,100,52.00,,3.20,,fles (250 ml)=250,1,130,,8,,fles (330 ml)=330,1,172,,10.56,,,,,,,,,,,,,
bier - Leffe Blond,ml,100,61.00,,5.00,,fles (250 ml)=250,1,153,,12.5,,fles (330 ml)=330,1,201,,16.5,,,,,,,,,,,,,
bier - Leffe Bruin,ml,100,61.00,,5.36,,fles (250 ml)=250,1,153,,13.4,,fles (330 ml)=330,1,201,,17.688,,,,,,,,,,,,,
bier - oudbruin,ml,100,36.00,,5.00,,fles (250 ml)=250,1,90,,12.5,,fles (330 ml)=330,1,119,,16.5,,,,,,,,,,,,,
bier - pils,ml,100,42.00,,3.00,,fles (250 ml)=250,1,105,,7.5,,fles (330 ml)=330,1,139,,9.9,,,,,,,,,,,,,
bier - tafelbier,ml,100,32.00,,2.30,,fles (250 ml)=250,1,80,,5.75,,fles (330 ml)=330,1,106,,7.59,,,,,,,,,,,,,
bier - wit,ml,100,45.00,,3.72,,,,,,,,,,,,,,,,,,,,,,,,,
bierworstje - bifiworstje,gram,100,402.00,19.1,0.9,35.8,,,,,,,,,,,,,,,,,,,,,,,,
bieslook,gram,100,57.00,4.0,8.0,1.0,,,,,,,,,,,,,,,,,,,,,,,,
big mac,stuk,,572.00,26.0,45.0,32.0,,,,,,,,,,,,,,,,,,,,,,,,
biogarde (halfvol),gram,100,50.00,4.3,4.7,1.5,,,,,,,,,,,,,,,,,,,,,,,,
biogarde mager,gram,100,33.00,4.0,4.0,0.1,,,,,,,,,,,,,,,,,,,,,,,,
biogarde natuur,gram,100,57.00,4.6,6.3,1.5,,,,,,,,,,,,,,,,,,,,,,,,
biogarde vol,gram,100,56.00,3.4,3.5,3.2,,,,,,,,,,,,,,,,,,,,,,,,
biscuit| chocolade-,gram,100,479.00,7.00,64.00,22,stuk (10 g)=10,1,48,0.7,6.4,2.2,,,,,,,,,,,,,,,,,,
biscuit| fruit-,gram,100,394.00,8.5,71.0,8.5,stuk (10 g)=10,1,39,0.85,7.1,0.85,,,,,,,,,,,,,,,,,,
biscuit| krenten-,gram,100,373.00,9.0,73.0,5.0,stuk (10 g)=10,1,37,0.9,7.3,0.5,,,,,,,,,,,,,,,,,,
biscuit| volkoren-,gram,100,451.00,9.0,68.0,16.0,stuk (10 g)=10,1,45,0.9,6.8,1.6,,,,,,,,,,,,,,,,,,
biscuit| zout,gram,100,502.00,7.0,51.0,30.0,stuk (10 g)=10,1,20,0.7,5.1,3,,,,,,,,,,,,,,,,,,
bitterbal,gram,100,232.00,10.7,16.9,13.6,stuk,1,60,,5,4,,,,,,,,,,,,,,,,,,
bizonsteak,gram,100,101.00,23.0,0.0,1.0,,,,,,,,,,,,,,,,,,,,,,,,
bladerdeeg,gram,100,377.00,5.50,37.50,23,,,,,,,,,,,,,,,,,,,,,,,,
blinde vink (kalfsvlees),gram,100,189.00,25.6,1.2,9.1,,,,,,,,,,,,,,,,,,,,,,,,
bloem,gram,100,333.00,11.0,70.0,1.0,,,,,,,,,,,,,,,,,,,,,,,,
bloemkool| gekookt,gram,100,14.00,2.00,2.00,0,schaaltje (70 g)=70,1,10,1.4,1.4,0,,,,,,,,,,,,,,,,,,
bloemkool| rauw,gram,100,24.00,2.00,4.00,0,schaaltje (70 g)=70,1,17,1.4,2.8,0,,,,,,,,,,,,,,,,,,
blue,gram,100,353.00,21.1,0.0,29.8,,,,,,,,,,,,,,,,,,,,,,,,
bluefort,gram,100,354.00,20.0,1.0,30.0,,,,,,,,,,,,,,,,,,,,,,,,
boerenkool| gekookt,gram,100,41.00,4.00,4.00,1,schaaltje (70 g)=70,1,29,2.8,2.8,0.7,,,,,,,,,,,,,,,,,,
boerenkoolstamppot,gram,100,79.00,3.00,12.00,2,,,,,,,,,,,,,,,,,,,,,,,,
boerenpate,gram,100,308.00,15.0,2.5,26.4,,,,,,,,,,,,,,,,,,,,,,,,
bokkenpoot,gram,100,464.00,16.00,55.00,20,stuk (10 g)=10,1,46,1.6,5.5,2,,,,,,,,,,,,,,,,,,
bokking (gerookt),gram,100,236.00,23.0,0.0,16.0,,,,,,,,,,,,,,,,,,,,,,,,
bokking (gestoomd),gram,100,233.00,21.2,0.5,16.2,,,,,,,,,,,,,,,,,,,,,,,,
bonen| bruine| (blik/glas),gram,100,96.00,7.00,15.00,1,schaaltje (70 g)=70,1,67,4.9,10.5,0.7,,,,,,,,,,,,,,,,,,
bonen| kidney,gram,100,95.00,7.1,15.2,0.7,schaaltje (70 g)=70,1,67,4.97,10.64,0.49,,,,,,,,,,,,,,,,,,
bonen| kieviets-| gedroogd,gram,100,265.00,20.0,43.0,1.5,schaaltje (70 g)=70,1,186,14,30.1,1.05,,,,,,,,,,,,,,,,,,
bonen| prinsessen-| gekookt microgolf,gram,100,27.00,2.50,4.30,0,schaaltje (70 g)=70,1,19,1.75,3.01,0,,,,,,,,,,,,,,,,,,
bonen| prinsessen-| klassiek gekookt,gram,100,24.00,3.0,3.10,0.0,schaaltje (70 g)=70,1,17,2.1,2.17,0,,,,,,,,,,,,,,,,,,
bonen| snij-| gekookt,gram,100,16.00,2.0,2.0,0.0,schaaltje (70 g)=70,1,11,1.4,1.4,0,,,,,,,,,,,,,,,,,,
bonen| soja-| gekookt,gram,100,225.00,22.00,10.00,11,schaaltje (70 g)=70,1,158,15.4,7,7.7,,,,,,,,,,,,,,,,,,
bonen| sperzie-| gekookt,gram,100,24.00,2.3,3.8,0.0,schaaltje (70 g)=70,1,17,1.61,2.66,0,,,,,,,,,,,,,,,,,,
bonen| tuin-| gekookt,gram,100,36.00,5.0,4.0,0.0,schaaltje (70 g)=70,1,25,3.5,2.8,0,,,,,,,,,,,,,,,,,,
bonen| witte| gedroogd,gram,100,266.00,20.0,43.0,1.5,,,,,,,,,,,,,,,,,,,,,,,,
bonen| witte| gekookt,gram,100,108.00,8.00,17.20,0.8,schaaltje (70 g)=70,1,76,5.6,12.04,0.56,,,,,,,,,,,,,,,,,,
bonen| witte| in tomatensaus,gram,100,75.00,5.2,12.7,0.4,schaaltje (70 g)=70,1,53,3.64,8.89,0.28,,,,,,,,,,,,,,,,,,
bossche bol/moorkap,gram,100,349.00,4.5,21.0,27.4,stuk (100 g)=100,1,349,4.5,21,27.4,,,,,,,,,,,,,,,,,,
boter,gram,10,75.00,0.1,0.1,8.2,,,,,,,,,,,,,,,,,,,,,,,,
boter (gezouten),gram,100,761.00,0.9,0.0,84.2,,,,,,,,,,,,,,,,,,,,,,,,
boter (halfvol),gram,100,390.00,6.3,0.3,40.5,,,,,,,,,,,,,,,,,,,,,,,,
boter (ongezouten),gram,100,763.00,4.2,1.1,82.5,,,,,,,,,,,,,,,,,,,,,,,,
boterkoek (Nederland),gram,100,515.00,4.0,55.0,31.0,stuk (30 g)=30,1,155,1.2,16.5,9.3,,,,,,,,,,,,,,,,,,
boterletter,gram,100,461.00,7.6,43.0,28.9,stuk (25 g)=25,1,115,1.9,10.75,7.23,,,,,,,,,,,,,,,,,,
boudoir,gram,100,395.00,7.4,84.0,3.3,,,,,,,,,,,,,,,,,,,,,,,,
bouillon| kippe-,gram,100,10.00,0.6,2.0,0.0,,,,,,,,,,,,,,,,,,,,,,,,
bouillon| rund-,gram,100,1.00,0.0,0.3,0.0,,,,,,,,,,,,,,,,,,,,,,,,
Bounty,gram,100,469.00,3.70,63.80,23.9,stuk (28 g)=28,2,267,2.1,36.4,13.6,stuk (mini/15 g)=15,1,70,0.56,9.57,3.59,,,,,,,,,,,,
boursin,gram,100,418.00,10.0,1.0,41.5,,,,,,,,,,,,,,,,,,,,,,,,
braadharing,gram,100,219.00,17.0,4.0,15.0,,,,,,,,,,,,,,,,,,,,,,,,
brado,gram,100,236.00,23.0,0.0,16.0,,,,,,,,,,,,,,,,,,,,,,,,
bramen,gram,100,37.00,1.0,6.0,1.0,,,,,,,,,,,,,,,,,,,,,,,,
bressot,gram,100,332.00,8.5,1.0,32.7,,,,,,,,,,,,,,,,,,,,,,,,
brie (50+),gram,100,317.00,22.0,1.0,25.0,,,,,,,,,,,,,,,,,,,,,,,,
brie (60+),gram,100,365.00,17.0,0.0,33.0,,,,,,,,,,,,,,,,,,,,,,,,
broccoli,gram,100,20.00,3.00,2.00,0.0,,,,,,,,,,,,,,,,,,,,,,,,
brood| bruin,gram,100,239.00,10.00,45.00,2,snede (klein/25 g)=25,1,60,2.5,11.25,0.5,snede (50 g)=50,1,120,5,22.5,1,snede (groot/75 g)=75,1,179,7.5,33.75,1.5,,,,,,
brood| geroosterd (uit pak),gram,100,360.00,14.00,67.00,4,snede (klein/25 g)=25,1,90,3.5,16.75,1,snede (50 g)=50,1,180,7,33.5,2,snede (groot/75 g)=75,1,270,10.5,50.25,3,,,,,,
brood| krenten-,gram,100,268.00,8.00,52.00,3,snede (klein/25 g)=25,1,67,2,13,0.75,snede (50 g)=50,1,134,4,26,1.5,snede (groot/75 g)=75,1,201,6,39,2.25,,,,,,
brood| krenten-| volkoren,gram,100,237.00,7.00,47.00,1.4,snede (klein/25 g)=25,1,59,1.75,11.75,0.35,snede (50 g)=50,1,119,3.5,23.5,0.7,snede (groot/75 g)=75,1,178,5.25,35.25,1.05,,,,,,
brood| meergranen-,gram,100,212.00,8.4,40.5,1.8,snede (klein/25 g)=25,1,53,2.1,10.125,0.45,snede (50 g)=50,1,106,4.2,20.25,0.9,snede (groot/75 g)=75,1,159,6.3,30.375,1.35,,,,,,
brood| panda-,gram,100,270.00,14.4,36.4,7.5,snede (klein/25 g)=25,1,68,3.6,9.1,1.875,snede (50 g)=50,1,135,7.2,18.2,3.75,snede (groot/75 g)=75,1,203,10.8,27.3,5.625,,,,,,
brood| rogge-,gram,100,189.00,5.0,40.0,1.0,snede (klein/25 g)=25,1,47,1.25,10,0.25,snede (50 g)=50,1,95,2.5,20,0.5,snede (groot/75 g)=75,1,142,3.75,30,0.75,,,,,,
brood| rozijnen-,gram,100,255.00,7.0,50.0,3.0,snede (klein/25 g)=25,1,64,1.75,12.5,0.75,snede (50 g)=50,1,128,3.5,25,1.5,snede (groot/75 g)=75,1,191,5.25,37.5,2.25,,,,,,
brood| stok-,gram,100,259.00,8.1,52.0,2.1,,,,,,,,,,,,,,,,,,,,,,,,
brood| suiker-,gram,100,310.00,7.00,54.40,7.2,snede (klein/25 g)=25,1,78,1.75,13.6,1.8,snede (50 g)=50,1,155,3.5,27.2,3.6,snede (groot/75 g)=75,1,233,5.25,40.8,5.4,,,,,,
brood| tarwe-,gram,100,250.00,9.5,45.1,3.5,snede (klein/25 g)=25,1,63,2.375,11.275,0.875,snede (50 g)=50,1,125,4.75,22.55,1.75,snede (groot/75 g)=75,1,188,7.125,33.825,2.625,,,,,,
brood| Turks,gram,100,255.00,9.00,52.00,1,snede (klein/25 g)=25,1,64,2.25,13,0.25,snede (50 g)=50,1,128,4.5,26,0.5,snede (groot/75 g)=75,1,191,6.75,39,0.75,,,,,,
brood| volkoren-,gram,100,211.00,8.4,40.5,1.8,snede (klein/25 g)=25,1,53,2.1,10.125,0.45,snede (50 g)=50,1,106,4.2,20.25,0.9,snede (groot/75 g)=75,1,158,6.3,30.375,1.35,,,,,,
brood| wit,gram,100,260.00,8.00,52.00,2,snede (klein/25 g)=25,1,65,2,13,0.5,snede (50 g)=50,1,130,4,26,1,snede (groot/75 g)=75,1,195,6,39,1.5,,,,,,
broodje| wit luxe,gram,100,295.00,9.00,53.00,5,stuk (170 g)=170,1,501,15.3,90.1,8.5,,,,,,,,,,,,,,,,,,
cake,gram,100,446.00,6.9,44.8,26.6,,,,,,,,,,,,,,,,,,,,,,,,
campari,ml,100,180.00,0.0,10.00,0.0,glas (50 ml)=50,1,90,0,5,0,,,,,,,,,,,,,,,,,,
casselerrib,gram,100,183.00,18.0,3.0,11.0,,,,,,,,,,,,,,,,,,,,,,,,
cervela,gram,100,387.00,18.0,0.0,35.0,,,,,,,,,,,,,,,,,,,,,,,,
Champagne,ml,100,76.00,0.30,1.40,0,glas (125 ml)=125,1,95,0.38,1.75,0,,,,,,,,,,,,,,,,,,
champignons,gram,100,16.00,3.0,1.0,0.0,,,,,,,,,,,,,,,,,,,,,,,,
cheddar,gram,100,401.00,26.0,0.0,33.0,,,,,,,,,,,,,,,,,,,,,,,,
cheeseburger,gram,100,263.00,15.0,18.5,14.3,,,,,,,,,,,,,,,,,,,,,,,,
chili con carne,gram,100,145.00,8.7,8.0,8.7,,,,,,,,,,,,,,,,,,,,,,,,
chinese kool| gekookt,gram,100,16.00,1.00,3.00,0,schaaltje (70 g)=70,1,11,0.7,2.1,0,,,,,,,,,,,,,,,,,,
chinese kool| rauw,gram,100,12.00,1.00,2.00,0,schaaltje (70 g)=70,1,8,0.7,1.4,0,,,,,,,,,,,,,,,,,,
chipolatapudding,gram,100,225.00,4.3,24.1,12.4,,,,,,,,,,,,,,,,,,,,,,,,
chips (light),gram,100,502.00,6.0,61.0,26.0,klein zakje (45 g)=45,1,226,2.7,27.45,11.7,,,,,,,,,,,,,,,,,,
chips (naturel),gram,100,544.00,6.0,49.00,36.0,klein zakje (45 g)=45,1,245,2.7,22,16.2,,,,,,,,,,,,,,,,,,
chips| maïs-,gram,100,507.00,7.00,52.00,30,klein zakje (45 g)=45,1,228,3.15,23.4,13.5,,,,,,,,,,,,,,,,,,
choco (kwatta),gram,100,362.00,1.9,71.5,7.6,koffielepel (11 g)=11,1,40,0.21,7.8,1.34,,,,,,,,,,,,,,,,,,
choco (nutella),gram,100,,,58.00,,koffielepel (11 g)=11,1,,,6.4,,,,,,,,,,,,,,,,,,,
chocolade| melk-,gram,100,538.00,7.00,55.00,33,,,,,,,,,,,,,,,,,,,,,,,,
chocolade| melk-| met noten,gram,100,574.00,9.00,43.00,41,,,,,,,,,,,,,,,,,,,,,,,,
chocolade| puur,gram,100,523.00,5.00,51.0,33,,,,,,,,,,,,,,,,,,,,,,,,
chocolade| wit,gram,100,549.00,8.00,60.00,31,,,,,,,,,,,,,,,,,,,,,,,,
chocoladehagelslag (melk),gram,100,449.00,6.1,71.00,16,koffielepel (6 g)=6,1,27,0.37,4.26,0.96,,,,,,,,,,,,,,,,,,
chocoladehagelslag (puur),gram,100,454.00,5.00,73.00,16,koffielepel (6 g)=6,1,27,0.3,4.38,0.96,,,,,,,,,,,,,,,,,,
chocolademelk (halfvol),ml,100,78.00,4.00,12.00,1.8,glas (200 ml)=200,1,156,8,24,3.6,,,,,,,,,,,,,,,,,,
chocolademelk (mager),ml,100,61.00,3.00,11.00,0.3,glas (200 ml)=200,1,122,6,22,0.6,,,,,,,,,,,,,,,,,,
chocolademelk (vol),ml,100,89.00,4.00,12.00,2.4,glas (200 ml)=200,1,178,8,24,4.8,,,,,,,,,,,,,,,,,,
chocolademousse,gram,100,123.00,5.00,15.00,3.7,,,,,,,,,,,,,,,,,,,,,,,,
chocoladepasta| hazelnoot,gram,100,540.00,7.00,47.00,36,koffielepel (11 g)=11,1,59,0.77,5.17,3.96,,,,,,,,,,,,,,,,,,
chocoladepasta| melk-,gram,100,569.00,4.00,58.00,36,koffielepel (11 g)=11,1,63,0.44,6.38,3.96,,,,,,,,,,,,,,,,,,
chocoladepasta| puur ,gram,100,574.00,4.00,57.00,37,koffielepel (11 g)=11,1,63,0.44,6.27,4.07,,,,,,,,,,,,,,,,,,
chocoladepudding,gram,100,125.00,4.0,20.0,3.2,,,,,,,,,,,,,,,,,,,,,,,,
chocoladesaus,gram,100,254.00,2.0,57.0,2.0,,,,,,,,,,,,,,,,,,,,,,,,
chocoladevla (mager),gram,100,77.00,3.3,15.5,0.2,,,,,,,,,,,,,,,,,,,,,,,,
chocoladevla (vol),gram,100,86.00,3.3,12.5,2.6,,,,,,,,,,,,,,,,,,,,,,,,
chocoladevlokken (melk),gram,100,446.00,6.00,72.00,15,,,,,,,,,,,,,,,,,,,,,,,,
chocoladevlokken (puur),gram,100,445.00,5.00,71.00,16,,,,,,,,,,,,,,,,,,,,,,,,
chocoprince,gram,100,492.00,6.00,68.00,22,stuk (10 g)=10,1,49,0.6,6.8,2.2,,,,,,,,,,,,,,,,,,
citroen,gram,100,12.00,0.0,3.00,0.0,stuk (100 g)=100,1,12,0,3,0,,,,,,,,,,,,,,,,,,
cocktailsaus,gram,100,582.00,1.2,7.1,61.0,,,,,,,,,,,,,,,,,,,,,,,,
Cognac,ml,100,227.00,,1.00,,glas (50 ml)=50,1,114,0,0.5,0,,,,,,,,,,,,,,,,,,
Cola,ml,100,44.00,0.00,11.00,0,glas (200 ml)=200,1,88,0,22,0,flesje (20 cl)=200,1,88,0,22,0,blikje (33 cl)=330,1,145,0,36.3,0,,,,,,
Cola Light,ml,100,0.00,0.00,0.00,0,glas (200 ml)=200,1,0,0,0,0,flesje (20 cl)=200,1,0,0,0,0,blikje (33 cl)=330,1,0,0,0,0,,,,,,
confituur,gram,100,240.00,0.00,60.00,0,koffielepel (11 g)=11,1,26,0,6.6,0,,,,,,,,,,,,,,,,,,
confituur| verlaagd suiker,gram,100,164.00,0.00,41.00,0,koffielepel (11 g)=11,1,18,0,4.51,0,,,,,,,,,,,,,,,,,,
corned beef,gram,100,289.00,16.0,0.0,25.0,,,,,,,,,,,,,,,,,,,,,,,,
cornetto,gram,100,294.00,4.00,37.00,17,stuk (120 g)=120,1,353,4.8,44.4,20.4,,,,,,,,,,,,,,,,,,
cornflakes,gram,100,381.00,8.5,84.0,1.2,,,,,,,,,,,,,,,,,,,,,,,,
cottage cheese,gram,100,93.00,11.2,3.2,3.9,,,,,,,,,,,,,,,,,,,,,,,,
courgette| gekookt,gram,100,17.00,2.00,2.00,0.0,,,,,,,,,,,,,,,,,,,,,,,,
courgette| rauw,gram,100,28.00,2.00,5.00,0,,,,,,,,,,,,,,,,,,,,,,,,
couscous| gekookt,gram,100,116.00,4.00,24.00,,,,,,,,,,,,,,,,,,,,,,,,,
couscous| rauw,gram,100,347.00,13.00,72.00,1,,,,,,,,,,,,,,,,,,,,,,,,
cracottes| naturel,gram,100,375.00,12.00,75.00,2.8,stuk (7 g)=7,1,26,0.84,5.25,0.2,,,,,,,,,,,,,,,,,,
cracottes| vital,gram,100,345.00,11.00,69.00,2.6,stuk (7 g)=7,1,24,0.77,4.83,0.18,,,,,,,,,,,,,,,,,,
cracottes| volkoren,gram,100,360.00,11.00,70.00,4,stuk (7 g)=7,1,25,0.77,4.9,0.28,,,,,,,,,,,,,,,,,,
cranberries,gram,100,14.00,,3.00,,,,,,,,,,,,,,,,,,,,,,,,,
cranberrycompote,gram,100,81.00,,20.30,0.0,,,,,,,,,,,,,,,,,,,,,,,,
cream cracker,gram,100,465.00,8.0,70.0,17.0,,,,,,,,,,,,,,,,,,,,,,,,
crème fraîche,gram,100,344.00,2.2,3.0,35.9,,,,,,,,,,,,,,,,,,,,,,,,
cremetaart,gram,100,477.00,5.0,40.0,33.0,,,,,,,,,,,,,,,,,,,,,,,,
croissant,gram,100,424.00,7.00,46.00,24,stuk (50 g)=50,1,212,3.5,23,12,,,, ,,,,,, ,,,,,, ,,
curry (specerij),gram,100,325.00,12.66,58.15,13.81,eetlepel (6 g)=6,1,20,0.76,3.49,0.83,koffielepel (2 g)=2,1,7,0.25,1.16,0.28,,,,,,,,,,,,
custardpoeder,gram,100,340.00,0.0,85.0,0.0,,,,,,,,,,,,,,,,,,,,,,,,
dadels (geconfijt),gram,100,300.00,2.0,73.0,0.0,stuk (zonder pit/9 g)=9,1,27,0.18,6.57,0,,,,,,,,,,,,,,,,,,
dadels (vers),gram,100,165.00,2.0,37.0,1.0,,,,,,,,,,,,,,,,,,,,,,,,
deegwaren| gekookt,gram,100,157.00,5.80,30.59,0.93,bord (300 g)=300,1,471,17.4,91.8,2.8,,,,,,,,,,,,,,,,,,
deegwaren| ongekookt,gram,100,346.00,12.0,71.0,1.5,,,,,,,,,,,,,,,,,,,,,,,,
deegwaren| volkoren| gekookt,gram,100,124.00,5.33,26.54,0.54,bord (300 g)=300,1,372,16,79.6,1.6,,,,,,,,,,,,,,,,,,
deegwaren| volkoren| ongekookt,gram,100,332.00,13.50,64.00,2.5,,,,,,,,,,,,,,,,,,,,,,,,
dextro-energie,gram,100,364.00,0.0,91.0,0.0,tablet (uit reep 14 stuks),1,12,0,3,0,,,,,,,,,,,,,,,,,,
djoez,gram,100,51.00,0.9,11.8,0.1,,,,,,,,,,,,,,,,,,,,,,,,
donut,gram,100,413.00,6.2,34.6,27.8,stuk (55 g)=55,1,227,3.41,19,15.3,,,,,,,,,,,,,,,,,,
dorade,gram,100,106.00,17.5,0.0,4.0,,,,,,,,,,,,,,,,,,,,,,,,
drop (engelse),gram,100,362.00,4.0,82.0,2.0,,,,,,,,,,,,,,,,,,,,,,,,
drop (gemiddeld),gram,100,309.00,4.3,73.0,0.0,,,,,,,,,,,,,,,,,,,,,,,,
drop (zoet),gram,100,348.00,10.0,77.0,0.0,,,,,,,,,,,,,,,,,,,,,,,,
drop (zout),gram,100,336.00,9.0,75.0,0.0,,,,,,,,,,,,,,,,,,,,,,,,
druiven,gram,100,66.00,0.5,16.0,0.0,,,,,,,,,,,,,,,,,,,,,,,,
druivensap,ml,100,63.00,0.00,16.00,0,glas (200 ml)=200,1,126,0,32,0,,,,,,,,,,,,,,,,,,
druivensuiker (dextro),gram,100,364.00,0.0,91.0,0.0,tablet (uit reep 14 stuks),1,12,0,3,0,,,,,,,,,,,,,,,,,,
dubbeldrank,ml,100,52.00,0.3,12.8,0.0,glas (200 ml)=200,1,104,0.6,25.6,0,,,,,,,,,,,,,,,,,,
eend,gram,100,217.00,18.3,0.0,16.0,,,,,,,,,,,,,,,,,,,,,,,,
eendenfilet,gram,100,341.00,20.0,0.0,29.0,,,,,,,,,,,,,,,,,,,,,,,,
ei,gram,100,143.00,12.58,0.77,9.94,stuk (55 g)=55,1,79,7,0.42,5.5,,,,,,,,,,,,,,,,,,
ei-eiwit,gram,100,50.00,11.10,0.70,0.2,stuk (55 g)=55,1,28,6.1,0.385,0.11,,,,,,,,,,,,,,,,,,
eierkoek,gram,100,299.00,7.00,59.00,4,stuk (30 g)=30,1,90,2.1,17.7,1.2,,,,,,,,,,,,,,,,,,
eiersalade,gram,100,246.00,6.4,8.3,20.9,,,,,,,,,,,,,,,,,,,,,,,,
emmental,gram,100,390.00,27.0,3.0,30.0,,,,,,,,,,,,,,,,,,,,,,,,
entrecote,gram,100,189.00,25.6,1.2,9.1,,,,,,,,,,,,,,,,,,,,,,,,
erwten| dop-/wortelen (blik/glas),gram,100,37.00,3.00,6.00,0,schaaltje (70 g)=70,1,26,2.1,4.2,,,,,,,,,,,,,,,,,,,
erwten| dop-/wortelen| diepvries,gram,100,56.00,4.00,10.00,0,schaaltje (70 g)=70,1,39,2.8,7,,,,,,,,,,,,,,,,,,,
erwten| dop-| diepvries| gekookt,gram,100,83.00,6.00,15.00,0,schaaltje (70 g)=70,1,58,4.2,10.5,,,,,,,,,,,,,,,,,,,
erwten| dop-| gekookt,gram,100,60.00,4.00,11.00,0,schaaltje (70 g)=70,1,42,2.8,7.7,,,,,,,,,,,,,,,,,,,
erwten| groen| gekoookt,gram,100,109.00,8.4,17.2,0.8,,,,,,,,,,,,,,,,,,,,,,,,
erwten| kikker- gekookt,gram,100,110.00,8.00,13.00,3,,,,,,,,,,,,,,,,,,,,,,,,
erwten| kikker-| geroosterd,gram,100,373.00,21.00,54.00,8,,,,,,,,,,,,,,,,,,,,,,,,
Fanta,ml,100,44.00,0.00,11.00,0,glas (200 ml)=200,1,88,0,22,0,flesje (20 cl)=200,1,88,0,22,0,blikje (33 cl)=330,1,145,0,36.3,0,,,,,,
Fanta Light,ml,100,2.00,0.00,0.60,0,glas (200 ml)=200,1,5,0,1.2,0,flesje (20 cl)=200,1,5,0,1.2,0,blikje (33 cl)=330,1,8,0,1.98,0,,,,,,
filet americain,gram,100,161.00,18.5,2.2,8.7,,,,,,,,,,,,,,,,,,,,,,,,
filet d'anvers,gram,100,158.00,26.0,0.0,6.0,,,,,,,,,,,,,,,,,,,,,,,,
filet de york,gram,100,146.00,22.0,1.0,6.0,,,,,,,,,,,,,,,,,,,,,,,,
fishsticks| gebakken,gram,100,183.00,12.80,16.50,7.3,,,,,,,,,,,,,,,,,,,,,,,,
fishsticks| gefrituurd,gram,100,271.00,13.20,27.00,12.3,,,,,,,,,,,,,,,,,,,,,,,,
flantaart,gram,100,227.00,6.0,31.5,8.5,,,,,,,,,,,,,,,,,,,,,,,,
flensje,gram,100,196.00,8.30,29.00,4.9,,,,,,,,,,,,,,,,,,,,,,,,
foe yung hai zonder rijst,gram,100,128.00,10.00,2.00,9,,,,,,,,,,,,,,,,,,,,,,,,
forel,gram,100,99.00,18.0,0.0,3.0,,,,,,,,,,,,,,,,,,,,,,,,
frambozen,gram,100,32.00,1.00,7.00,0,,,,,,,,,,,,,,,,,,,,,,,,
frambozen op siroop,gram,100,92.00,1.00,23.0,0.0,,,,,,,,,,,,,,,,,,,,,,,,
frangipane,gram,100,478.00,5.0,65.0,22.0,spie (100 g)=100,1,478,5.0,65.0,22.0,,,,,,,,,,,,,,,,,,
fricandeau (varkens),gram,100,151.00,31.2,0.0,2.9,,,,,,,,,,,,,,,,,,,,,,,,
frieten| bereid,gram,100,300.00,5.00,38.00,14,,,,,,,,,,,,,,,,,,,,,,,,
frikadel,gram,100,257.00,13.0,8.1,19.2,stuk (72 g)=72,1,185,9.36,5.83,13.82,,,,,,,,,,,,,,,,,,
frikadelsaus,gram,100,231.00,1.0,23.0,15.0,,,,,,,,,,,,,,,,,,,,,,,,
fritessaus (25% olie),gram,100,282.00,0.5,11.6,26.0,,,,,,,,,,,,,,,,,,,,,,,,
fritessaus. 35% olie,gram,100,372.00,0.0,12.0,36.0,,,,,,,,,,,,,,,,,,,,,,,,
frituurvet,gram,100,898.00,0.1,0.3,99.7,,,,,,,,,,,,,,,,,,,,,,,,
frituurvet (vloeibaar),gram,100,900.00,0.0,0.0,100.0,,,,,,,,,,,,,,,,,,,,,,,,
fruitcocktail op siroop,gram,100,68.00,0.0,17.0,0.0,,,,,,,,,,,,,,,,,,,,,,,,
fruitsla| gemengd,gram,100,,,11.10,,,,,,,,,,,,,,,,,,,,,,,,,
gado gado| zonder rijst en ei,gram,100,83.00,4.00,5.00,5,,,,,,,,,,,,,,,,,,,,,,,,
galetten,gram,100,530.00,6.7,65.0,27.0,,,,,,,,,,,,,,,,,,,,,,,,
gamba,gram,100,137.00,18.5,0.0,7.0,,,,,,,,,,,,,,,,,,,,,,,,
gans,gram,100,350.00,15.6,0.0,32.0,,,,,,,,,,,,,,,,,,,,,,,,
ganzelever,gram,100,462.00,7.0,6.0,45.6,,,,,,,,,,,,,,,,,,,,,,,,
garderoom,gram,100,253.00,3.0,4.0,25.0,,,,,,,,,,,,,,,,,,,,,,,,
garnalen,gram,100,90.00,18.0,0.0,2.0,,,,,,,,,,,,,,,,,,,,,,,,
gehakt| gebraden,gram,100,306.00,14.50,1.60,26.8,,,,,,,,,,,,,,,,,,,,,,,,
gehakt| gevogelte,gram,100,184.00,17.80,0.00,12.5,,,,,,,,,,,,,,,,,,,,,,,,
gehakt| half om half,gram,100,184.00,17.80,0.00,12.5,,,,,,,,,,,,,,,,,,,,,,,,
gehakt| kalf,gram,100,239.00,18.00,0.00,18.5,,,,,,,,,,,,,,,,,,,,,,,,
gehakt| lam,gram,100,193.00,19.30,0.00,12.9,,,,,,,,,,,,,,,,,,,,,,,,
gehakt| rund,gram,100,126.00,20.40,0.00,4.9,,,,,,,,,,,,,,,,,,,,,,,,
gehakt| varken,gram,100,289.00,16.90,0.00,24.6,,,,,,,,,,,,,,,,,,,,,,,,
gelatine,gram,100,364.00,91.00,0.0,0,,,,,,,,,,,,,,,,,,,,,,,,
gember op siroop,gram,100,276.00,0.0,69.0,0.0,,,,,,,,,,,,,,,,,,,,,,,,
gemberwortel,gram,100,53.00,1.00,10.00,1,,,,,,,,,,,,,,,,,,,,,,,,
gestampte muisjes,gram,100,389.00,0.0,95.0,1.0,,,,,,,,,,,,,,,,,,,,,,,,
gevulde koek,gram,100,435.00,5.5,61.1,18.8,stuk (groot/60 g)=60,1,261,3.3,36.66,11.28,stuk (klein/40 g)=40,1,174,2.2,24.44,7.52,,,,,,,,,,,,
gevulde speculaaskoek,gram,100,488.00,8.6,52.8,27.0,stuk (30 g)=30,1,146,2.58,15.84,8.1,,,,,,,,,,,,,,,,,,
gierst,gram,100,109.00,3.6,23.1,0.3,,,,,,,,,,,,,,,,,,,,,,,,
gomasio,gram,100,524.00,21.8,5.0,46.3,,,,,,,,,,,,,,,,,,,,,,,,
goudbrasem,gram,100,103.00,19.0,0.0,3.0,,,,,,,,,,,,,,,,,,,,,,,,
goulash,gram,100,155.00,9.5,2.5,11.9,,,,,,,,,,,,,,,,,,,,,,,,
granaatappel,gram,100,81.00,1.00,17.00,1,stuk (10 cm diameter/282 g)=282,1,228,2.82,48,2.82,,,,,,,,,,,,,,,,,,
grapefruit,gram,100,30.00,1.00,7.00,0.0,stuk (9 cm diameter/220 g)=220,1,66,2.2,15.4,0,,,,,,,,,,,,,,,,,,
grapefruit op siroop,gram,100,64.00,1.0,15.0,0.0,,,,,,,,,,,,,,,,,,,,,,,,
grapefruitsap,ml,100,37.00,0.50,8.00,0,glas (200 ml)=200,1,74,1,16,0,,,,,,,,,,,,,,,,,,
griekse noedels,gram,100,355.00,13.0,73.0,1.5,,,,,,,,,,,,,,,,,,,,,,,,
groene aalbes,gram,100,40.00,0.8,8.8,0.2,,,,,,,,,,,,,,,,,,,,,,,,
groene kool| gekookt,gram,100,25.00,1.00,3.00,1,schaaltje (70 g)=70,1,18,0.7,2.1,0.7,,,,,,,,,,,,,,,,,,
groene kool| rauw,gram,100,37.00,3.0,4.0,1.0,schaaltje (70 g)=70,1,26,2.1,2.8,0.7,,,,,,,,,,,,,,,,,,
guave,gram,100,72.00,1.0,17.0,0.0,,,,,,,,,,,,,,,,,,,,,,,,
haas,gram,100,113.00,21.5,0.0,3.0,,,,,,,,,,,,,,,,,,,,,,,,
hachee,gram,100,89.00,6.8,2.8,5.6,,,,,,,,,,,,,,,,,,,,,,,,
halvarine,gram,100,360.00,0.0,0.0,40.0,,,,,,,,,,,,,,,,,,,,,,,,
halvarineprodukt (-40%),gram,100,259.00,2.7,2.2,26.7,,,,,,,,,,,,,,,,,,,,,,,,
ham| achter-,gram,100,132.00,18.00,2.00,6,,,,,,,,,,,,,,,,,,,,,,,,
ham| kippen-,gram,100,88.00,20.0,2.0,0.0,,,,,,,,,,,,,,,,,,,,,,,,
ham| rauw| gerookt,gram,100,369.00,18.0,0.0,33.0,,,,,,,,,,,,,,,,,,,,,,,,
ham| schouder-,gram,100,138.00,17.00,2.00,7,,,,,,,,,,,,,,,,,,,,,,,,
hamburger| giant/quick,gram,100,312.00,14.50,14.50,21.7,,,,,,,,,,,,,,,,,,,,,,,,
hamlappen| bereid,gram,100,182.00,31.3,0.0,6.3,,,,,,,,,,,,,,,,,,,,,,,,
hangop,gram,100,63.00,10.0,3.5,1.0,,,,,,,,,,,,,,,,,,,,,,,,
haring,gram,100,297.00,18.0,0.0,25.0,,,,,,,,,,,,,,,,,,,,,,,,
haring (gerookt),gram,100,259.00,22.2,0.0,19.0,,,,,,,,,,,,,,,,,,,,,,,,
haring (zoute),gram,100,168.00,19.2,0.5,9.9,,,,,,,,,,,,,,,,,,,,,,,,
haring (zure),gram,100,208.00,16.0,0.0,16.0,,,,,,,,,,,,,,,,,,,,,,,,
haring in tomatensaus,gram,100,162.00,15.0,2.0,10.5,,,,,,,,,,,,,,,,,,,,,,,,
hartige taart van bladerdeeg,gram,100,273.00,10.8,9.9,21.2,,,,,,,,,,,,,,,,,,,,,,,,
hartige taart van brooddeeg,gram,100,162.00,8.00,14.00,8,,,,,,,,,,,,,,,,,,,,,,,,
haverkoek,gram,100,344.00,8.2,53.8,10.7,stuk (50 g)=50,1,172,4.1,26.9,5.35,,,,,,,,,,,,,,,,,,
havermout,gram,100,363.00,13.0,62.0,7.0,,,,,,,,,,,,,,,,,,,,,,,,
heilbot,gram,100,113.00,17.0,0.0,5.0,,,,,,,,,,,,,,,,,,,,,,,,
hoestbonbon,gram,100,396.00,0.6,98.4,0.0,stuk (5 g)=5,1,20,0.03,4.92,0,,,,,,,,,,,,,,,,,,
honing,gram,100,321.00,0.00,80.00,0,koffielepel (11 g)=11,1,35,0,8.8,0,,,,,,,,,,,,,,,,,,
hopje,gram,100,380.00,0.0,95.0,0.0,stuk (5 g)=5,1,19,0,4.75,0,,,,,,,,,,,,,,,,,,
hutspot,gram,100,62.00,1.5,8.2,2.6,,,,,,,,,,,,,,,,,,,,,,,,
huttenkase,gram,100,93.00,11.6,1.9,4.3,,,,,,,,,,,,,,,,,,,,,,,,
huzarenslaatje,gram,100,154.00,6.00,14.00,9,,,,,,,,,,,,,,,,,,,,,,,,
ijs| Cornetto Aardbei,gram,100,260.00,2.50,38.00,11,stuk (75 g)=75,1,200,2,29,8,,,,,,,,,,,,,,,,,,
ijs| Cornetto Classico,gram,100,320.00,4.50,32.00,20,stuk (75 g)=75,1,240,3.5,24,15,,,,,,,,,,,,,,,,,,
ijs| Cornetto Soft Vanille,gram,100,210.00,2.50,27.00,10,stuk (75 g)=75,1,160,2,20,8,,,,,,,,,,,,,,,,,,
ijs| gemiddeld,gram,100,194.00,3.90,21.00,10.5,bol (50 g)=50,1,97,1.95,10.5,5.25,,,,,,,,,,,,,,,,,,
ijs| room-| gemiddeld,gram,100,257.00,3.90,23.50,16.5,bol (50 g)=50,1,129,1.95,11.75,8.25,,,,,,,,,,,,,,,,,,
ijsthee,ml,100,43.00,0.00,10.42,0,glas (200 ml)=200,1,86,0,20.84,0,,,,,,,,,,,,,,,,,,
irish coffee,gram,100,108.00,0.6,5.2,9.4,,,,,,,,,,,,,,,,,,,,,,,,
jachtschotel,gram,100,101.00,5.0,9.0,5.0,,,,,,,,,,,,,,,,,,,,,,,,
jägermeister,gram,100,299.00,0.0,15.00,0.0,glaasje (50 ml)=50,1,150,0,7.5,0,,,,,,,,,,,,,,,,,,
jam| halva-,gram,100,132.00,0.00,33.00,0,koffielepel (11 g)=11,1,15,0,3.63,0,,,,,,,,,,,,,,,,,,
jam| huishoud-,gram,100,241.00,0.00,60.00,0,koffielepel (11 g)=11,1,27,0,6.6,0,,,,,,,,,,,,,,,,,,
jam| rozenbottel-,gram,100,244.00,0.00,61.00,0,koffielepel (11 g)=11,1,27,0,6.71,0,,,,,,,,,,,,,,,,,,
japanse mix,gram,100,418.00,11.00,76.00,8,,,,,,,,,,,,,,,,,,,,,,,,
japanse mix| zonder pinda's,gram,100,386.00,9.00,86.00,1,,,,,,,,,,,,,,,,,,,,,,,,
jenever| bessen-,gram,100,184.00,0.0,18.00,0.0,glas (50 ml)=50,1,92,0,9,0,,,,,,,,,,,,,,,,,,
jenever| citroen,gram,100,180.00,0.0,3.00,0.0,glas (50 ml)=50,1,90,0,1.5,0,,,,,,,,,,,,,,,,,,
jenever| jong| oud,gram,100,196.00,0.0,0.0,0.0,glas (50 ml)=50,1,98,0,0,0,,,,,,,,,,,,,,,,,,
kaas 20+,gram,100,236.00,32.00,0.00,12,,,,,,,,,,,,,,,,,,,,,,,,
kaas 30+,gram,100,253.00,26.50,0.00,16.5,,,,,,,,,,,,,,,,,,,,,,,,
kaas 45+,gram,100,364.00,25.50,0.00,29.5,,,,,,,,,,,,,,,,,,,,,,,,
kaas 48+,gram,100,382.00,24.50,0.00,32,,,,,,,,,,,,,,,,,,,,,,,,
kaas| camembert (45+),gram,100,284.00,25.0,1.0,20.0,,,,,,,,,,,,,,,,,,,,,,,,
kaas| camembert (50+),gram,100,314.00,18.0,2.0,26.0,,,,,,,,,,,,,,,,,,,,,,,,
kaas| danish blue,gram,100,353.00,20.0,1.0,30.0,,,,,,,,,,,,,,,,,,,,,,,,
kaas| edammer-| 30+,gram,100,250.00,26.40,0.00,16.2,,,,,,,,,,,,,,,,,,,,,,,,
kaas| edammer| 40+,gram,100,313.00,26.10,0.00,23.4,,,,,,,,,,,,,,,,,,,,,,,,
kaas| feta,gram,100,248.00,15.6,1.5,20.0,,,,,,,,,,,,,,,,,,,,,,,,
kaas| fondue-| raclette,gram,100,356.00,25.6,0.0,28.2,,,,,,,,,,,,,,,,,,,,,,,,
kaas| friese nagel-| 20+,gram,100,269.00,38.0,0.0,13.0,,,,,,,,,,,,,,,,,,,,,,,,
kaas| friese nagel-| 40+,gram,100,327.00,25.5,0.1,25.0,,,,,,,,,,,,,,,,,,,,,,,,
kaas| geiten-| halfzachte,gram,100,307.00,18.00,1.00,26,,,,,,,,,,,,,,,,,,,,,,,,
kaas| geiten-| zachte,gram,100,205.00,13.0,1.00,17.0,,,,,,,,,,,,,,,,,,,,,,,,
kaas| gorgonzola,gram,100,340.00,19.1,0.2,29.2,,,,,,,,,,,,,,,,,,,,,,,,
kaas| gouda,gram,100,366.00,25.5,0.2,29.2,,,,,,,,,,,,,,,,,,,,,,,,
kaas| Gruyère,gram,100,410.00,28.60,1.00,32.7,,,,,,,,,,,,,,,,,,,,,,,,
kaas| kernhemmer 60+,gram,100,440.00,19.00,0.0,41,,,,,,,,,,,,,,,,,,,,,,,,
kaas| light| verse| 8% vet,gram,100,154.00,14.5,5.0,8.5,,,,,,,,,,,,,,,,,,,,,,,,
kaas| limburgse,gram,100,281.00,21.0,2.0,21.0,,,,,,,,,,,,,,,,,,,,,,,,
kaas| maaslander 45+,gram,100,384.00,25.00,0.0,32,,,,,,,,,,,,,,,,,,,,,,,,
kaas| maredsous,gram,100,315.00,23.0,0.5,24.5,,,,,,,,,,,,,,,,,,,,,,,,
kaas| mascarpone,gram,100,457.00,5.2,4.3,46.5,,,,,,,,,,,,,,,,,,,,,,,,
kaas| mozzarella,gram,100,299.00,26.5,1.0,21.0,,,,,,,,,,,,,,,,,,,,,,,,
kaas| parmezaan,gram,100,411.00,40.0,2.0,27.0,,,,,,,,,,,,,,,,,,,,,,,,
kaas| passendale,gram,100,348.00,21.00,0.50,29.0,,,,,,,,,,,,,,,,,,,,,,,,
kaas| père joseph,gram,100,321.00,22.7,0.0,25.6,,,,,,,,,,,,,,,,,,,,,,,,
kaas| pinda-,gram,100,640.00,22.00,9.90,58,,,,,,,,,,,,,,,,,,,,,,,,
kaas| pinda-| met stukjes noot,gram,100,646.00,21.00,14.00,56,,,,,,,,,,,,,,,,,,,,,,,,
kaas| platte| halfvolle,gram,100,82.00,7.60,3.60,4.2,,,,,,,,,,,,,,,,,,,,,,,,
kaas| platte| magere,gram,100,69.00,9.60,3.90,1.6,,,,,,,,,,,,,,,,,,,,,,,,
kaas| platte| volle,gram,100,133.00,8.10,3.30,9.6,,,,,,,,,,,,,,,,,,,,,,,,
kaas| rambol,gram,100,377.00,14.00,4.00,34,,,,,,,,,,,,,,,,,,,,,,,,
kaas| room-| 60+,gram,100,390.00,20.0,0.0,35,,,,,,,,,,,,,,,,,,,,,,,,
kaas| roquefort,gram,100,359.00,19.0,1.0,31.0,,,,,,,,,,,,,,,,,,,,,,,,
kaas| rubens,gram,100,327.00,24.1,0.0,25.6,,,,,,,,,,,,,,,,,,,,,,,,
kaas| saint paulin,gram,100,329.00,25.0,1.0,25.0,,,,,,,,,,,,,,,,,,,,,,,,
kaas| schapen-,gram,100,261.00,14.00,4.00,21,,,,,,,,,,,,,,,,,,,,,,,,
kaas| smeer-| 20+,gram,100,177.00,17.00,7.00,9,,,,,,,,,,,,,,,,,,,,,,,,
kaas| smeer-| 30+,gram,100,219.00,20.0,1.0,15.0,,,,,,,,,,,,,,,,,,,,,,,,
kaas| smeer-| 48+,gram,100,267.00,17.00,2.00,21.5,,,,,,,,,,,,,,,,,,,,,,,,
kaas| soja-| (tofu| tahoe),gram,100,113.00,12.00,1.00,7,,,,,,,,,,,,,,,,,,,,,,,,
kaas| stilton,gram,100,464.00,26.0,0.0,40.0,,,,,,,,,,,,,,,,,,,,,,,,
kaas| strooi-| Zwitserse,gram,100,229.00,37.00,0.0,9,,,,,,,,,,,,,,,,,,,,,,,,
kaas| trenta,gram,100,370.00,25.0,0.0,30.0,,,,,,,,,,,,,,,,,,,,,,,,
kaas| volvet,gram,100,384.00,24.9,0.4,31.5,,,,,,,,,,,,,,,,,,,,,,,,
kaaskroket,gram,100,187.00,6.00,16.00,11,stuk (50 g)=50,1,94,3,8,5.5,,,,,,,,,,,,,,,,,,
kaassoesje,gram,100,334.00,12.0,9.0,27.8,,,,,,,,,,,,,,,,,,,,,,,,
kaassouflé| onbereid,gram,100,166.00,7.00,21.00,6,,,,,,,,,,,,,,,,,,,,,,,,
kabeljauw,gram,100,76.00,18.0,0.0,0.5,,,,,,,,,,,,,,,,,,,,,,,,
kaki,gram,100,66.00,0.5,16.0,0.0,,,,,,,,,,,,,,,,,,,,,,,,
kalfsentrecote,gram,100,189.00,25.6,1.2,9.1,,,,,,,,,,,,,,,,,,,,,,,,
kalfsfricandeau| beleg,gram,100,156.00,31.9,0.0,3.2,,,,,,,,,,,,,,,,,,,,,,,,
kalfshersenen,gram,100,449.00,9.00,0.00,8,,,,,,,,,,,,,,,,,,,,,,,,
kalfslapjes,gram,100,102.00,21.0,0.0,2.0,,,,,,,,,,,,,,,,,,,,,,,,
kalfslever,gram,100,185.00,28.0,2.0,7.2,,,,,,,,,,,,,,,,,,,,,,,,
kalfsschenkel,gram,100,196.00,31.00,1.00,8,,,,,,,,,,,,,,,,,,,,,,,,
kalfstong,gram,100,132.00,17.5,1.0,6.5,,,,,,,,,,,,,,,,,,,,,,,,
kalfsvlees| mager,gram,100,104.00,22.40,0.00,1.6,,,,,,,,,,,,,,,,,,,,,,,,
kalfsvlees| vet,gram,100,171.00,20.00,0.00,10.1,,,,,,,,,,,,,,,,,,,,,,,,
kalfszwezerik,gram,100,218.00,5.0,4.6,20.0,,,,,,,,,,,,,,,,,,,,,,,,
kalkoen,gram,100,143.00,20.0,0.0,7.0,,,,,,,,,,,,,,,,,,,,,,,,
kalkoenfilet,gram,100,85.00,19.0,0.0,1.0,,,,,,,,,,,,,,,,,,,,,,,,
kapucijners| gekookt,gram,100,106.00,8.0,17.2,0.6,,,,,,,,,,,,,,,,,,,,,,,,
kapucijners| in blik,gram,100,89.00,7.00,14.00,1,,,,,,,,,,,,,,,,,,,,,,,,
karbonade| haas-| varken,gram,100,212.00,28.00,1.00,11,,,,,,,,,,,,,,,,,,,,,,,,
karbonade| hals-,gram,100,272.00,27.6,0.0,18.0,,,,,,,,,,,,,,,,,,,,,,,,
karbonade| lams-,gram,100,350.00,25.8,0.0,27.4,,,,,,,,,,,,,,,,,,,,,,,,
karbonade| rib-,gram,100,211.00,28.3,0.5,10.7,,,,,,,,,,,,,,,,,,,,,,,,
karbonade| schouder-,gram,100,272.00,27.6,0.0,18.0,,,,,,,,,,,,,,,,,,,,,,,,
karper,gram,100,115.00,18.0,0.0,4.8,,,,,,,,,,,,,,,,,,,,,,,,
kastanjes| gepeld,gram,100,165.00,4.0,35.0,1.0,stuk (10 g)=10,1,17,0.4,3.5,0.1,,,,,,,,,,,,,,,,,,
katenspek,gram,100,403.00,15.2,0.4,37.9,,,,,,,,,,,,,,,,,,,,,,,,
kauwgom,gram,100,280.00,0.0,70.0,0.0,,,,,,,,,,,,,,,,,,,,,,,,
kaviaar,gram,100,244.00,26.1,0.0,15.5,,,,,,,,,,,,,,,,,,,,,,,,
kefir| halfvolle melk,gram,100,63.00,3.30,4.50,3.5,,,,,,,,,,,,,,,,,,,,,,,,
keizerbroodje,gram,100,287.00,9.50,55.00,3.2,stuk (60 g)=60,1,172,5.7,33,1.9,,,,,,,,,,,,,,,,,,
kerrie,gram,100,303.00,12.50,36.00,12,eetlepel (6 g)=6,1,18,0.75,2.16,0.72,koffielepel (2 g)=2,1,6,0.25,0.72,0.24,,,,,,,,,,,,
kerriesaus,gram,100,278.00,0.5,13.0,25.0,,,,,,,,,,,,,,,,,,,,,,,,
kersen,gram,100,52.00,0.00,13.00,0,,,,,,,,,,,,,,,,,,,,,,,,
kersen op siroop,gram,100,76.00,1.00,19.00,0.0,,,,,,,,,,,,,,,,,,,,,,,,
kersenbonbon,gram,100,350.00,3.0,42.2,18.9,stuk (15 g)=15,1,53,0.45,6.33,2.84,,,,,,,,,,,,,,,,,,
kerstkrans,gram,100,461.00,7.6,43.0,28.9,stuk (25 g)=25,1,115,1.9,10.75,7.23,,,,,,,,,,,,,,,,,,
kervel| gedroogd,gram,100,280.00,23.00,38.00,4,,,,,,,,,,,,,,,,,,,,,,,,
kervel| vers,gram,100,71.00,4.0,11.5,1.0,,,,,,,,,,,,,,,,,,,,,,,,
ketchup| curry-,gram,100,134.00,0.9,33.00,0,eetlepel (15 g)=15,1,20,0.14,4.95,0,,,,,,,,,,,,,,,,,,
ketchup| hot,gram,100,104.00,0.9,25.3,0.0,eetlepel (15 g)=15,1,16,0.14,3.8,0,,,,,,,,,,,,,,,,,,
ketchup| tomaten-,gram,100,101.00,0.9,25.00,0.0,eetlepel (15 g)=15,1,15,0.14,3.75,0,,,,,,,,,,,,,,,,,,
ketjap| zoet,gram,100,267.00,3.50,62.00,0.1,eetlepel (15 g)=15,1,40,0.53,9.3,0.015,,,,,,,,,,,,,,,,,,
ketjap| zout,gram,100,129.00,11.50,20.00,0.1,eetlepel (15 g)=15,1,19,1.73,3,0.015,,,,,,,,,,,,,,,,,,
kikkerbil,gram,100,68.00,16.4,0.0,0.3,,,,,,,,,,,,,,,,,,,,,,,,
kipburger| bereid,gram,100,306.00,14.5,9.9,23.2,,,,,,,,,,,,,,,,,,,,,,,,
kip-kap,gram,100,207.00,18.0,0.0,15.0,,,,,,,,,,,,,,,,,,,,,,,,
kip-kerriesalade,gram,100,280.00,5.5,8.7,24.8,,,,,,,,,,,,,,,,,,,,,,,,
kipnugget| bereid in oven,gram,100,254.00,14.00,18.00,14,,,,,,,,,,,,,,,,,,,,,,,,
kipnugget| gefrituurd,gram,100,272.00,18.00,12.00,17,,,,,,,,,,,,,,,,,,,,,,,,
kippelever,gram,100,184.00,28.0,2.0,7.2,,,,,,,,,,,,,,,,,,,,,,,,
kippenfilet,gram,100,111.00,21.0,0.0,3.0,,,,,,,,,,,,,,,,,,,,,,,,
kippepoot,gram,100,229.00,26.4,0.0,13.7,,,,,,,,,,,,,,,,,,,,,,,,
kiprollade,gram,100,165.00,24.0,1.7,7.0,,,,,,,,,,,,,,,,,,,,,,,,
kiwi,gram,100,56.00,1.00,12.40,0.2,stuk (75 g)=75,1,42,0.75,9.3,0.15,,,,,,,,,,,,,,,,,,
klapstuk| rundvlees| bereid,gram,100,265.00,34.0,0.0,14.4,,,,,,,,,,,,,,,,,,,,,,,,
knoflook,gram,100,136.00,6.00,28.00,0,,,,,,,,,,,,,,,,,,,,,,,,
koffie verkeerd,gram,100,29.00,2.3,2.8,1.0,,,,,,,,,,,,,,,,,,,,,,,,
koffie| suikervrij| zwart,ml,100,0.00,0.00,0.00,0,,,,,,,,,,,,,,,,,,,,,,,,
koffiebroodje,gram,100,329.00,7.0,55.0,9.0,stuk (65 g)=65,1,214,4.55,35.75,5.85,,,,,,,,,,,,,,,,,,
koffiekoek,gram,100,393.00,7.90,37.00,23.7,stuk (75 g)=75,1,295,5.93,27.75,17.76,,,,,,,,,,,,,,,,,,
koffiekoek met abrikozen,gram,100,268.00,5.20,35.30,11.8,,,,,,,,,,,,,,,,,,,,,,,,
koffiekoek met chocolade,gram,100,382.00,7.10,30.10,25.9,stuk (60 g)=60,1,229,4.26,18,15.54,,,,,,,,,,,,,,,,,,
koffiekoek met rozijnen,gram,100,267.00,5.80,36.10,11,stuk (rond/90 g)=90,1,240,5.22,32.49,9.9,stuk (lang/75 g)=75,1,200,4.35,27,8.25,,,,,,,,,,,,
koffiemelkpoeder,gram,100,550.00,4.0,55.0,35.0,,,,,,,,,,,,,,,,,,,,,,,,
koffieroom,gram,100,206.00,2.7,3.8,20.0,,,,,,,,,,,,,,,,,,,,,,,,
koffiewitmaker,gram,100,551.00,4.0,55.0,35.0,,,,,,,,,,,,,,,,,,,,,,,,
kokosbrood,gram,100,422.00,4.0,34.0,30.0,,,,,,,,,,,,,,,,,,,,,,,,
kokosmakroon,gram,100,451.00,4.0,57.0,23.0,stuk(50 g)=50,1,195,2,5,18.5,,,,,,,,,,,,,,,,,,
kokosnoot,gram,100,389.00,4.0,10.0,37.0,,,,,,,,,,,,,,,,,,,,,,,,
komkommer,gram,100,8.00,1.0,1.0,0.0,,,,,,,,,,,,,,,,,,,,,,,,
komkommersalade,gram,100,171.00,1.00,8.00,15,,,,,,,,,,,,,,,,,,,,,,,,
komkommerspread,gram,100,157.00,1.0,13.5,11.0,,,,,,,,,,,,,,,,,,,,,,,,
konijn,gram,100,160.00,21.0,1.0,8.0,,,,,,,,,,,,,,,,,,,,,,,,
koolraap| gekookt,gram,100,12.00,1.0,2.0,0.0,schaaltje (70 g)=70,1,8,0.7,1.4,0,,,,,,,,,,,,,,,,,,
koolrabi| gekookt,gram,100,24.00,2.0,4.0,0.0,schaaltje (70 g)=70,1,17,1.4,2.8,0,,,,,,,,,,,,,,,,,,
koolvis| gekookt,gram,100,101.00,22.00,1.00,1,,,,,,,,,,,,,,,,,,,,,,,,
korstgebak| zout,gram,100,611.00,7.0,40.0,47.0,bakje (40 g)=40,1,244,2.8,16,18.8,,,,,,,,,,,,,,,,,,
kouseband,gram,100,40.00,3.0,7.0,0.0,,,,,,,,,,,,,,,,,,,,,,,,
krab,gram,100,82.00,16.0,0.0,2.0,,,,,,,,,,,,,,,,,,,,,,,,
kreeft,gram,100,82.00,16.0,0.0,2.0,,,,,,,,,,,,,,,,,,,,,,,,
krenten,gram,100,308.00,2.0,75.0,0.0,,,,,,,,,,,,,,,,,,,,,,,,
krentenbol,gram,100,267.00,8.0,51.7,3.2,stuk (50 g)=50,1,134,4,25.85,1.6,,,,,,,,,,,,,,,,,,
krieken,gram,100,39.00,0.2,9.0,0.2,,,,,,,,,,,,,,,,,,,,,,,,
krieken op siroop,gram,100,76.00,1.00,16.00,0,,,,,,,,,,,,,,,,,,,,,,,,
krisprol,gram,100,404.00,12.4,75.0,6.0,,,,,,,,,,,,,,,,,,,,,,,,
kroepoek,gram,100,498.00,4.0,62.0,26.0,,,,,,,,,,,,,,,,,,,,,,,,
kruimelvlaai,gram,100,293.00,5.9,40.4,12.0,punt (110 g)=110,1,322,6.49,44.44,13.2,,,,,,,,,,,,,,,,,,
krulandijvie,gram,100,13.00,1.8,0.9,0.2,,,,,,,,,,,,,,,,,,,,,,,,
kumquat,gram,100,42.00,1.1,7.4,0.9,,,,,,,,,,,,,,,,,,,,,,,,
kwark| mager,gram,100,64.00,13.0,3.0,0.0,,,,,,,,,,,,,,,,,,,,,,,,
kwark| vol,gram,100,159.00,11.1,3.2,11.4,,,,,,,,,,,,,,,,,,,,,,,,
kwark| vruchten| mager,gram,100,124.00,7.0,15.0,4.0,,,,,,,,,,,,,,,,,,,,,,,,
kwarkgebak,gram,100,228.00,4.9,27.2,11.1,,,,,,,,,,,,,,,,,,,,,,,,
lamsbout,gram,100,350.00,25.8,0.0,27.4,,,,,,,,,,,,,,,,,,,,,,,,
lamsfilet,gram,100,143.00,20.0,0.0,7.0,,,,,,,,,,,,,,,,,,,,,,,,
lamskotelet,gram,100,279.00,18.0,0.0,23.0,,,,,,,,,,,,,,,,,,,,,,,,
lange vingers,gram,100,399.00,7.0,77.0,7.0,stuk (5 g)=5,1,20,0.35,3.85,0.35,,,,,,,,,,,,,,,,,,
langoest,gram,100,84.00,17.2,1.3,1.1,,,,,,,,,,,,,,,,,,,,,,,,
langoestine,gram,100,82.00,19.0,0.0,0.7,,,,,,,,,,,,,,,,,,,,,,,,
lasagne (gerecht),gram,100,135.00,6.60,13.70,6.2,portie (400 g)=400,,540,26.4,54.8,24.8,,,,,,,,,,,,,,,,,,
lekkerbekje,gram,100,219.00,24.9,2.1,12.3,,,,,,,,,,,,,,,,,,,,,,,,
LEO,gram,100,530.00,6.70,59.00,29.5,pakje (33 g)=33,1,175,2.2,19.5,9.8,,,,,,,,,,,,,,,,,,
lever,gram,100,133.00,20.0,2.0,5.0,,,,,,,,,,,,,,,,,,,,,,,,
leverpastei,gram,100,317.00,14.0,0.0,29.0,,,,,,,,,,,,,,,,,,,,,,,,
likeur,gram,100,242.00,0.0,29.00,0.0,glas (50 ml)=50,1,121,0,14.5,0,,,,,,,,,,,,,,,,,,
limonade| vruchten-,gram,100,39.00,0.0,10.00,0.0,glas (200 ml)=200,1,78,0,20,0,,,,,,,,,,,,,,,,,,
limonade| vruchten-| light,gram,100,4.00,0.00,1.00,0,glas (200 ml)=200,1,8,0,2,0,,,,,,,,,,,,,,,,,,
limonadesiroop| vruchten-,gram,100,233.00,0.0,58.00,0.0,,,,,,,,,,,,,,,,,,,,,,,,
limonadesiroop| vruchten-| light,gram,100,2.00,0.00,0.00,0,,,,,,,,,,,,,,,,,,,,,,,,
linzen| gekookt,gram,100,88.00,9.00,12.00,1,,,,,,,,,,,,,,,,,,,,,,,,
loempia (bereid),gram,100,176.00,7.0,18.6,8.2,stuk (150 g)=150,1,264,10.5,27.9,12.3,,,,,,,,,,,,,,,,,,
lolly,gram,100,380.00,0.0,95.0,0.0,stuk (15 g)=15,1,57,0,14.25,0,,,,,,,,,,,,,,,,,,
lychee,gram,100,68.00,1.0,16.0,0.0,stuk (11 g)=11,1,7,0.11,1.76,0,,,,,,,,,,,,,,,,,,
m&m met chocolade,gram,100,483.00,4.6,70.5,20.3,zakje (50 g)=50,1,242,2.3,35.25,10.15,,,,,,,,,,,,,,,,,,
m&m met pinda's,gram,100,514.00,10.2,57.3,27.1,zakje (50 g)=50,1,257,5.1,28.65,13.55,,,,,,,,,,,,,,,,,,
macaroni ham en kaas (bofrost),gram,100,155.00,7.70,15.60,6.9,portie (450 g)=450,1,697,34.65,70.2,31.05,,,,,,,,,,,,,,,,,,
macaroni| gekookt,gram,100,94.00,3.00,19.00,1,portie (300 g)=300,1,282,9,57,3,,,,,,,,,,,,,,,,,,
macaroni| rauw,gram,100,350.00,12.00,71.00,2,,,,,,,,,,,,,,,,,,,,,,,,
maïs,gram,100,114.00,3.3,23.0,1.0,,,,,,,,,,,,,,,,,,,,,,,,
maïs| suiker-| gekookt,gram,100,69.00,3.00,12.00,1,,,,,,,,,,,,,,,,,,,,,,,,
maïsgriesmeel,gram,100,357.00,8.8,78.0,1.1,,,,,,,,,,,,,,,,,,,,,,,,
maïskorrels,gram,100,70.00,2.7,12.0,1.3,,,,,,,,,,,,,,,,,,,,,,,,
maizena,gram,100,337.00,0.0,84.0,0.1,,,,,,,,,,,,,,,,,,,,,,,,
makaron| rauw,gram,100,393.00,4.0,65.0,13.0,,,,,,,,,,,,,,,,,,,,,,,,
makreel in olie (blik),gram,100,275.00,21.00,0.00,21,,,,,,,,,,,,,,,,,,,,,,,,
makreel| bereid,gram,100,248.00,24.00,0.0,17,,,,,,,,,,,,,,,,,,,,,,,,
makreel| gestoomd,gram,100,315.00,20.00,1.00,26,,,,,,,,,,,,,,,,,,,,,,,,
makreel| naturel (blik),gram,100,269.00,19.00,0.00,22,,,,,,,,,,,,,,,,,,,,,,,,
makreelfilet| gerookt,gram,100,346.00,19.00,0.00,30,,,,,,,,,,,,,,,,,,,,,,,,
mandarijn,gram,100,42.00,1.00,10.00,0,stuk (60 g)=60,1,25,0.6,6,0,,,,,,,,,,,,,,,,,,
mandarijnen op siroop,gram,100,56.00,0.0,14.0,0.0,,,,,,,,,,,,,,,,,,,,,,,,
mango,gram,100,61.00,1.00,14.00,0,stuk (200 g)=200,1,122,2,28,0,,,,,,,,,,,,,,,,,,
mango chutney,gram,100,208.00,0.0,52.0,0.0,,,,,,,,,,,,,,,,,,,,,,,,
marcassin,gram,100,104.00,21.0,0.4,2.0,,,,,,,,,,,,,,,,,,,,,,,,
margarine (gemiddeld),gram,100,360.00,0.00,0.00,40,,,,,,,,,,,,,,,,,,,,,,,,
margarine voor keuken (gemiddeld),gram,100,730.00,0.00,0.00,81,,,,,,,,,,,,,,,,,,,,,,,,
marmite (gistextract),gram,100,235.00,43.00,15.00,0.1,,,,,,,,,,,,,,,,,,,,,,,,
Mars,gram ,100,455.00,3.70,70.40,17.7,stuk (50 g)=50,1,228,1.85,35.2,8.85,,,,,,,,,,,,,,,,,,
marsepein,gram,100,424.00,7.00,65.00,15,stuk (25 g)=25,1,106,1.75,16.25,3.75,,,,,,,,,,,,,,,,,,
Marsh mellows,gram,100,328.00,2.0,80.0,0.0,stuk (7 g)=7,1,23,0.14,5.6,0,,,,,,,,,,,,,,,,,,
Martini,ml,100,140.00,,15.00,,,,,,,,,,,,,,,,,,,,,,,,,
matse,gram,100,325.00,11.0,68.0,1.0,,,,,,,,,,,,,,,,,,,,,,,,
mayonaise,gram,100,740.00,1.00,2.00,81,eetlepel (15 g)=15,1,111,0.15,0.3,12.15,,,,,,,,,,,,,,,,,,
mayonaise met olijfolie,gram,100,621.00,1.00,4.00,67,eetlepel (15 g)=15,1,93,0.15,0.6,10.05,,,,,,,,,,,,,,,,,,
melk| geiten-| vol,ml,100,70.00,3.4,4.4,4.3,glas (200 ml)=200,1,140,6.8,8.8,8.6,,,,,,,,,,,,,,,,,,
melk| halfvol,ml,100,50.00,4.0,5.0,1.5,glas (200 ml)=200,1,100,8,10,3,,,,,,,,,,,,,,,,,,
melk| karne-,ml,100,32.00,3.00,4.00,0.5,glas (200 ml)=200,1,64,6,8,1,,,,,,,,,,,,,,,,,,
melk| koffie-| halfvol,ml,100,104.00,7.8,9.3,4.5,glas (200 ml)=200,1,208,15.6,18.6,9,,,,,,,,,,,,,,,,,,
melk| koffie-| mager,ml,100,77.00,7.7,11.2,1,glas (200 ml)=200,1,154,15.4,22.4,2,,,,,,,,,,,,,,,,,,
melk| koffie-| vol,ml,100,152.00,8.4,10.7,7.5,glas (200 ml)=200,1,304,16.8,21.4,15,,,,,,,,,,,,,,,,,,
melk| kokosnoot-,ml,100,10.00,0.70,3.70,0.2,glas (200 ml)=200,1,20,1.4,7.4,0.4,,,,,,,,,,,,,,,,,,
melk| mager,ml,100,33.00,3.2,4.9,0.1,glas (200 ml)=200,1,66,6.4,9.8,0.2,,,,,,,,,,,,,,,,,,
melk| soja-,ml,100,42.00,3.6,1.0,2.6,glas (200 ml)=200,1,84,7.2,2,5.2,,,,,,,,,,,,,,,,,,
melk| vol,ml,100,64.00,3.2,4.7,3.6,glas (200 ml)=200,1,128,6.4,9.4,7.2,,,,,,,,,,,,,,,,,,
meloen| cavaillon,gram,100,49.00,1.20,11.00,0,,,,,,,,,,,,,,,,,,,,,,,,
meloen| honing-| suiker-,gram,100,28.00,1.0,6.0,0.0,,,,,,,,,,,,,,,,,,,,,,,,
meloen| net-| gallia-,gram,100,24.00,0.0,6.0,0.0,,,,,,,,,,,,,,,,,,,,,,,,
meloen| water-,gram,100,29.00,2.00,5.0,0.0,,,,,,,,,,,,,,,,,,,,,,,,
meloenblokjes op siroop,gram,100,76.00,0.00,19.00,0,,,,,,,,,,,,,,,,,,,,,,,,
mergpijpje,gram,100,443.00,6.6,49.5,24.3,stuk (30 g)=30,1,133,1.98,14.85,7.29,,,,,,,,,,,,,,,,,,
mierikswortel,gram,100,65.00,5.00,11.00,0,,,,,,,,,,,,,,,,,,,,,,,,
mihoen,gram,100,144.00,3.0,33.0,0.0,,,,,,,,,,,,,,,,,,,,,,,,
mineraalwater,glas,,0.0,0.0,0.0,0.0,,,,,,,,,,,,,,,,,,,,,,,,
miso| sojapasta,gram,100,116.00,11.7,6.2,5.0,,,,,,,,,,,,,,,,,,,,,,,,
mispel,gram,100,48.00,0.4,10.6,0.4,,,,,,,,,,,,,,,,,,,,,,,,
mixed pickles,eetlepel,,4.00,0.0,1.0,0.0,,,,,,,,,,,,,,,,,,,,,,,,
mokkataart,gram,100,477.00,5.0,40.0,33.0,punt (80 g)=80,1,382,4,32,26.4,,,,,,,,,,,,,,,,,,
monchou,gram,100,332.00,8.5,1.0,32.7,,,,,,,,,,,,,,,,,,,,,,,,
monchoutaart,gram,100,328.00,3.00,32.00,21,,,,,,,,,,,,,,,,,,,,,,,,
moorkop,gram,100,251.00,3.75,22.50,16.25,stuk (80 g)=80,1,201,3.0,18.0,13.0,,,,,,,,,,,,,,,,,,
mortadella,gram,100,345.00,12.4,0.0,32.8,,,,,,,,,,,,,,,,,,,,,,,,
mosselen,gram,100,49.00,10.0,0.0,1.0,,,,,,,,,,,,,,,,,,,,,,,,
mosterd,gram,100,146.00,7.00,9.00,9,,,,,,,,,,,,,,,,,,,,,,,,
moussaka,gram,100,93.00,4.5,7.5,5.0,,,,,,,,,,,,,,,,,,,,,,,,
muesli,gram,100,384.00,10.00,67.00,9,,,,,,,,,,,,,,,,,,,,,,,,
mueslikoek,gram,100,387.00,7.00,54.00,16,,,,,,,,,,,,,,,,,,,,,,,,
mueslireep,gram,100,420.00,8.00,53.00,20,stuk (25 g)=25,1,105,2,13.25,5,,,,,,,,,,,,,,,,,,
mueslireep met chocolade,gram,100,441.00,7.00,53.00,22,stuk (35 g)=35,1,154,2.45,18.55,7.7,,,,,,,,,,,,,,,,,,
nasi goreng zonder ei,gram,100,126.00,4.1,21.8,2.5,portie (200 g)=200,1,252,8.20,43.6,5,,,,,,,,,,,,,,,,,,
nasibal,gram,100,301.00,6.0,31.0,17.0,stuk (80 g)=80,1,241,4.8,24.8,13.6,,,,,,,,,,,,,,,,,,
nectarine,gram,100,30.00,1.00,7.00,0,stuk (95 g)=95,1,29,0.95,6.65,0,,,,,,,,,,,,,,,,,,
negerzoen,gram,100,365.00,4.7,38.6,21.3,stuk (20 g)=20,1,73,0.94,7.72,4.26,,,,,,,,,,,,,,,,,,
nier| varken,gram,100,116.00,16.50,0.80,5.2,,,,,,,,,,,,,,,,,,,,,,,,
noga| nougat,gram,100,472.00,6.0,67.0,20.0,,,,,,,,,,,,,,,,,,,,,,,,
noten| amandelen| gepeld,gram,100,578.00,18.3,4.3,54.2,handje (25 g)=25,1,145,4.58,1.08,13.55,,,,,,,,,,,,,,,,,,
noten| borrel-| gepeld,gram,100,518.00,15.0,45.0,31.0,handje (25 g)=25,1,130,3.75,11.25,7.75,,,,,,,,,,,,,,,,,,
noten| cashew-| gepeld,gram,100,623.00,19.00,22.00,51,handje (25 g)=25,1,156,4.75,5.50,12.75,,,,,,,,,,,,,,,,,,
noten| gemengd| gezouten| gepeld,gram,100,624.00,23.00,13.00,53,handje (25 g)=25,1,156,5.75,3.25,13.25,,,,,,,,,,,,,,,,,,
noten| gemengd| ongezouten| gepeld,gram,100,629.00,24.00,13.00,54,handje (25 g)=25,1,157,6.00,3.25,13.50,,,,,,,,,,,,,,,,,,
noten| hazel-| gepeld,gram,100,701.00,14.00,6.00,69,handje (25 g)=25,1,175,3.50,1.50,17.25,,,,,,,,,,,,,,,,,,
noten| macadamia-| gepeld,gram,100,721.00,9.00,6.50,74.5,handje (25 g)=25,1,180,2.25,1.63,18.63,,,,,,,,,,,,,,,,,,
noten| para-| gepeld,gram,100,683.00,15.0,5.0,67.0,handje (25 g)=25,1,171,3.75,1.25,16.75,,,,,,,,,,,,,,,,,,
noten| pecan-| gepeld,gram,100,691.00,9.00,6.00,70,handje (25 g)=25,1,173,2.25,1.50,17.50,,,,,,,,,,,,,,,,,,
noten| pinda-| dry roasted| gepeld,gram,100,563.00,24.00,11.00,47,handje (25 g)=25,1,141,6.00,2.75,11.75,,,,,,,,,,,,,,,,,,
noten| pinda-| gezouten| gepeld,gram,100,625.00,28.8,8.6,52.8,handje (25 g)=25,1,156,7.20,2.15,13.20,,,,,,,,,,,,,,,,,,
noten| pinda-| ongezouten| gepeld,gram,100,629.00,28.5,12.6,51.6,handje (25 g)=25,1,157,7.13,3.15,12.90,,,,,,,,,,,,,,,,,,
noten| pistache-| gepeld,gram,100,581.00,17.60,11.60,51.6,handje (25 g)=25,1,145,4.40,2.90,12.90,,,,,,,,,,,,,,,,,,
noten| wal-| gepeld,gram,100,702.00,15.00,8.00,68,stuk (6 g)=6,1,42,0.90,0.48,4.08,,,,,,,,,,,,,,,,,,
oesters,gram,100,65.00,9.0,5.0,1.0,,,,,,,,,,,,,,,,,,,,,,,,
olie (alle soorten),gram,100,900.00,0.0,0.0,100,,,,,,,,,,,,,,,,,,,,,,,,
oliebol,gram,100,263.00,6.50,42.00,7.5,stuk (75 g)=75,1,197,4.88,31.50,5.63,,,,,,,,,,,,,,,,,,
olijven (blik/glas),gram,100,145.00,1.03,3.84,15.32,,,,,,,,,,,,,,,,,,,,,,,,
ontbijtkoek,gram,100,305.00,3.00,70.00,1,stuk (25 g)=25,1,76,0.75,17.50,0.25,,,,,,,,,,,,,,,,,,
ontbijtkoek met noten,gram,100,367.00,8.7,55.5,12.3,stuk (25 g)=25,1,92,2.18,13.88,3.08,,,,,,,,,,,,,,,,,,
ontbijtkoek met rozijnen,gram,100,280.00,3.00,64.00,1,stuk (25 g)=25,1,70,0.75,16.00,0.25,,,,,,,,,,,,,,,,,,
ontbijtkoek| gember-,gram,100,299.00,3.00,70.00,1,stuk (25 g)=25,1,75,0.75,17.50,0.25,,,,,,,,,,,,,,,,,,
ontbijtkoek| volkoren-,gram,100,302.00,5.00,66.00,2,stuk (25 g)=25,1,76,1.25,16.50,0.50,,,,,,,,,,,,,,,,,,
ontbijtspek,gram,100,404.00,15.00,0.00,38,,,,,,,,,,,,,,,,,,,,,,,,
ontbijtspek| gegrild,gram,100,261.00,15.00,1.00,22,,,,,,,,,,,,,,,,,,,,,,,,
ontbijtspek| gerookt,gram,100,285.00,17.60,0.00,23.6,,,,,,,,,,,,,,,,,,,,,,,,
ossehaas,gram,100,189.00,25.6,1.2,9.1,,,,,,,,,,,,,,,,,,,,,,,,
paardenbiefstuk,gram,100,107.00,20.0,0.0,3.0,,,,,,,,,,,,,,,,,,,,,,,,
paardenrookvlees,gram,100,88.00,22.0,0.0,0.0,,,,,,,,,,,,,,,,,,,,,,,,
paella,gram,100,131.00,7.13,15.66,4.38,,,,,,,,,,,,,,,,,,,,,,,,
paling,gram,100,209.00,14.0,0.0,17.0,,,,,,,,,,,,,,,,,,,,,,,,
paling (gerookt),gram,100,286.00,17.9,0.0,23.8,,,,,,,,,,,,,,,,,,,,,,,,
paling (gestoofd),gram,100,175.00,16.0,0.0,12.4,,,,,,,,,,,,,,,,,,,,,,,,
palmhart,gram,100,36.00,2.1,5.5,0.6,,,,,,,,,,,,,,,,,,,,,,,,
paneermeel,gram,100,357.00,11.00,72.00,3,,,,,,,,,,,,,,,,,,,,,,,,
pannenkoek,gram,100,234.00,6.60,32.50,8.6,stuk (60 g)=60,1,140,3.96,19.5,5.16,,,,,,,,,,,,,,,,,,
pap| griesmeel-,gram,100,94.00,4.00,14.00,,,,,,,,,,,,,,,,,,,,,,,,,
pap| halfvolle melk,gram,100,69.00,4.2,9.8,1.5,,,,,,,,,,,,,,,,,,,,,,,,
pap| havermout-,gram,100,74.00,3.9,7.5,3.2,,,,,,,,,,,,,,,,,,,,,,,,
pap| karnemelkse bloem-,gram,100,48.00,4.00,7.00,,,,,,,,,,,,,,,,,,,,,,,,,
pap| karnemelkse gorte-,gram,100,49.00,3.00,8.00,,,,,,,,,,,,,,,,,,,,,,,,,
pap| rijst-,gram,100,84.00,4.00,11.00,3,,,,,,,,,,,,,,,,,,,,,,,,
papaya,gram,100,39.00,0.61,9.81,0.14,stuk (groot/15 cm lang/8 cm diameter/380 g)=380,1,148,2.32,37.28,0.53,stuk (medium/13 cm lang/7 cm diameter/304 g)=304,1,119,1.85,29.82,0.43,stuk (klein/11 cm lang/7 cm diameter/152 g)=152,1,59.00,0.93,14.91,0.21,,,,,,
paprika| groen| gekookt,gram,100,16.00,1.00,3.00,0.0,,,,,,,,,,,,,,,,,,,,,,,,
paprika| groen| rauw,gram,100,16.00,1.00,3.00,0,,,,,,,,,,,,,,,,,,,,,,,,
paprika| rood| gekookt,gram,100,14.00,1.00,2.00,0,,,,,,,,,,,,,,,,,,,,,,,,
paprika| rood| rauw,gram,100,28.00,1.00,6.00,0,,,,,,,,,,,,,,,,,,,,,,,,
parelhoen,gram,100,150.00,23.1,0.0,6.4,,,,,,,,,,,,,,,,,,,,,,,,
passievrucht,gram,100,102.00,2.0,19.0,2.0,stuk (18 g)=18,1,18,0.36,3.42,0.36,,,,,,,,,,,,,,,,,,
pastei (herta-fijn),gram,100,242.00,15.5,0.0,20.0,,,,,,,,,,,,,,,,,,,,,,,,
pasteibakje,gram,100,655.00,7.0,42.0,51.0,,,,,,,,,,,,,,,,,,,,,,,,
paté,gram,100,420.00,11.0,4.0,40.0,,,,,,,,,,,,,,,,,,,,,,,,
patrijs,gram,100,115.00,25.0,0.5,1.4,,,,,,,,,,,,,,,,,,,,,,,,
peer,gram,100,47.00,0.00,12.0,0.0,stuk (klein/148 g)=148,1,70,0,17.76,0,stuk (medium/178 g)=178,1,84,0,21.36,0,stuk (groot/230 g)=230,1,108,0,27.6,0,,,,,,
pekelvlees,gram,100,289.00,16.0,0.0,25.0,,,,,,,,,,,,,,,,,,,,,,,,
pensen (witte),gram,100,269.00,11.0,0.0,25.0,,,,,,,,,,,,,,,,,,,,,,,,
pensen (zwarte),gram,100,371.00,16.0,2.5,33.0,,,,,,,,,,,,,,,,,,,,,,,,
peperkoek,gram,100,305.00,3.00,70.00,1,stuk (20 g)=20,1,61,0.6,14,0.2,,,,,,,,,,,,,,,,,,
pepermunt,gram,100,396.00,0.0,99.0,0.0,stuk (2 g)=2,1,8,0.00,1.98,0.00,,,,,,,,,,,,,,,,,,
pepernoot,gram,100,489.00,6.1,68.3,21.3,stuk (10 g)=10,1,49,0.61,6.83,2.13,,,,,,,,,,,,,,,,,,
peren op siroop,gram,100,60.00,0.3,14.7,0.0,,,,,,,,,,,,,,,,,,,,,,,,
perensap,ml,100,35.00,0.1,8.7,0.0,glas (200 ml)=200,1,70,0.2,17.4,0,,,,,,,,,,,,,,,,,,
perenstroop,gram,100,226.00,1.9,54.6,0.0,,,,,,,,,,,,,,,,,,,,,,,,
perzik,gram,100,36.00,1.00,9.00,0.25,stuk (klein/6 cm diameter/130 g)=130,1,47,1.30,11.70,0.33,stuk (groot/7 cm diameter/175 g)=175,1,63,1.75,15.75,0.44,,,,,,,,,,,,
perziken op siroop,gram,100,58.00,1.00,14.00,0.0,,,,,,,,,,,,,,,,,,,,,,,,
peterselie,gram,100,56.00,4.0,10.0,0.0,,,,,,,,,,,,,,,,,,,,,,,,
petit beurre (match),gram,100,507.00,6.6,67.6,23.3,,,,,,,,,,,,,,,,,,,,,,,,
petit four,gram,100,477.00,5.0,40.0,33.0,stuk (50 g)=50,1,239,2.5,20,16.5,,,,,,,,,,,,,,,,,,
piccalilly,gram,100,37.00,1.00,6.00,1,eetlepel (15 ml)=15,1,6,0.2,0.9,0.2,,,,,,,,,,,,,,,,,,
pijnboompitten,gram,100,628.00,27.00,13.50,52.5,,,,,,,,,,,,,,,,,,,,,,,,
Pisang (40%) met sinaasappelsap ongezoet,ml,100,122.00,,18.60,,,,,,,,,,,,,,,,,,,,,,,,,
pistolet,gram,100,287.00,9.50,55.00,3.2,stuk (40 g)=40,1,115,3.8,22,1.28,,,,,,,,,,,,,,,,,,
pitabroodje,gram,100,257.00,8.6,53.0,1.2,,,,,,,,,,,,,,,,,,,,,,,,
pittasaus (devos lemmens),gram,100,586.00,0.9,6.3,61.7,,,,,,,,,,,,,,,,,,,,,,,,
pizza,gram,100,224.00,7.7,23.5,11.0,,,,,,,,,,,,,,,,,,,,,,,,
poestasaus,gram,100,100.00,2.0,23.0,0.0,,,,,,,,,,,,,,,,,,,,,,,,
poffertjes,gram,100,241.00,7.00,39.00,6.4,stuk (8 g)=8,1,19,0.56,3.12,0.51,,,,,,,,,,,,,,,,,,
pomodoro,gram,100,41.00,2.0,6.0,1.0,,,,,,,,,,,,,,,,,,,,,,,,
pompelmoes,gram,100,30.00,1.00,7.00,0.0,stuk (9 cm diameter/220 g)=220,1,66,2.2,15.4,0,,,,,,,,,,,,,,,,,,
pompelmoessap,ml,100,37.00,0.50,8.00,0,glas (200 ml)=200,1,74,1,16,0,,,,,,,,,,,,,,,,,,
pompoen,gram,100,36.00,1.0,8.0,0.0,,,,,,,,,,,,,,,,,,,,,,,,
poon (gekookt),gram,100,113.00,17.0,0.0,5.0,,,,,,,,,,,,,,,,,,,,,,,,
popcorn| gepoft,gram,100,376.00,13.0,72.0,4.0,,,,,,,,,,,,,,,,,,,,,,,,
Porto,ml,100,149.00,,10.00,,glas,,75,0.0,7.0,0.0,,,,,,,,,,,,,,,,,,
postelein| gekookt,gram,100,16.00,2.0,2.0,0.0,,,,,,,,,,,,,,,,,,,,,,,,
postelein| rauw,gram,100,8.00,1.00,1.00,0,,,,,,,,,,,,,,,,,,,,,,,,
prei- en hamsalade,gram,100,271.00,2.3,8.5,25.3,,,,,,,,,,,,,,,,,,,,,,,,
prei| rauw,gram,100,26.00,1.80,4.00,0.3,,,,,,,,,,,,,,,,,,,,,,,,
pruim| blauw,gram,100,42.00,1.00,10.00,0.0,stuk (50 g)=50,1,21,0.50,5.00,0.00,,,,,,,,,,,,,,,,,,
pruim| gedroogd,gram,100,188.00,2.00,45.00,0.0,stuk (6 g)=6,1,11,0.12,2.70,0.00,,,,,,,,,,,,,,,,,,
pruim| geel,gram,100,50.00,0.70,11.90,0,stuk (50 g)=50,1,25,0.35,5.95,0.00,,,,,,,,,,,,,,,,,,
pruim| rood,gram,100,30.00,0.40,7.00,0,stuk (50 g)=50,1,15,0.20,3.50,0.00,,,,,,,,,,,,,,,,,,
pruimen op siroop,gram,100,63.00,0.0,16.00,0.0,,,,,,,,,,,,,,,,,,,,,,,,
quiche,gram,100,81.00,3.26,6.64,4.61,stuk (440 g)=440,1,356,14.34,29.22,20.28,,,,,,,,,,,,,,,,,,
raap,gram,100,16.00,0.1,4.0,0.0,,,,,,,,,,,,,,,,,,,,,,,,
rabarber,gram,100,12.00,1.00,2.00,0.0,stuk (51 g)=51,1,6,0.51,1.02,0,,,,,,,,,,,,,,,,,,
rabarbermoes,gram,100,72.00,1.0,17.0,0.0,,,,,,,,,,,,,,,,,,,,,,,,
radijsjes,gram,100,20.00,1.0,4.0,0.0,,,,,,,,,,,,,,,,,,,,,,,,
rauwkost (bladgroente),gram,100,13.00,1.2,2.1,0.0,,,,,,,,,,,,,,,,,,,,,,,,
ravioli| gerecht,gram,100,113.00,5.0,12.0,5.0,,,,,,,,,,,,,,,,,,,,,,,,
ree,gram,100,118.00,21.4,0.0,3.6,,,,,,,,,,,,,,,,,,,,,,,,
reuzel,gram,100,900.00,0.0,0.0,100.0,,,,,,,,,,,,,,,,,,,,,,,,
riblap,gram,100,265.00,34.0,0.0,14.4,,,,,,,,,,,,,,,,,,,,,,,,
ricotta,gram,100,174.00,11.30,3.00,13,,,,,,,,,,,,,,,,,,,,,,,,
rijst (bruin gekookt),gram,100,141.00,2.60,30.20,1.1,,,,,,,,,,,,,,,,,,,,,,,,
rijst (bruin ongekookt),gram,100,339.00,7.40,72.40,2.2,,,,,,,,,,,,,,,,,,,,,,,,
rijst (gepeld| gekookt),gram,100,130.00,3.10,28.50,0.4,,,,,,,,,,,,,,,,,,,,,,,,
rijst (gepeld| ongekookt),gram,100,342.00,7.50,77.00,0.7,,,,,,,,,,,,,,,,,,,,,,,,
rijst (parboiled gekookt),gram,100,111.00,3.00,24.80,0,,,,,,,,,,,,,,,,,,,,,,,,
rijst (parboiled| geslepen ongekookt),gram,100,346.00,6.40,78.80,0.5,,,,,,,,,,,,,,,,,,,,,,,,
rijst (wilde ongekookt),gram,100,356.00,11.00,75.70,1,,,,,,,,,,,,,,,,,,,,,,,,
rijstevlaai,gram,100,255.00,7.5,31.7,10.9,punt (250 g)=250,1,638,18.75,79.25,27.25,,,,,,,,,,,,,,,,,,
rijsttaart,gram,100,249.00,5.3,38.0,8.4,,,,,,,,,,,,,,,,,,,,,,,,
rode biet,gram,100,37.00,1.5,7.6,0.1,,,,,,,,,,,,,,,,,,,,,,,,
rode biet| gekookt,gram,100,23.00,1.20,4.60,0,,,,,,,,,,,,,,,,,,,,,,,,
rode kool| gekookt,gram,100,17.00,1.00,3.00,0,schaaltje (70 g)=70,1,12,0.7,2.1,0,,,,,,,,,,,,,,,,,,
rode kool| rauw,gram,100,20.00,2.00,3.00,0,schaaltje (70 g)=70,1,14,1.4,2.1,0,,,,,,,,,,,,,,,,,,
rodekool met appeltjes| diepvries,gram,100,53.00,1.1,10.00,1,schaaltje (70 g)=70,1,37,0.7,7,0.7,,,,,,,,,,,,,,,,,,
rolmops,stuk,,125.00,10.0,1.0,9.0,,,,,,,,,,,,,,,,,,,,,,,,
rookvlees,gram,100,152.00,22.9,0.6,6.5,,,,,,,,,,,,,,,,,,,,,,,,
rosbief,gram,100,115.00,22.0,0.0,3.0,,,,,,,,,,,,,,,,,,,,,,,,
rosti,gram,100,144.00,1.9,22.8,5.1,,,,,,,,,,,,,,,,,,,,,,,,
roti (alleen koek),gram,100,244.00,8.2,43.3,4.3,,,,,,,,,,,,,,,,,,,,,,,,
roti (kip),gram,100,168.00,12.1,20.9,4.0,,,,,,,,,,,,,,,,,,,,,,,,
rozebottelsiroop,gram,100,228.00,0.0,57.0,0.0,,,,,,,,,,,,,,,,,,,,,,,,
rozijnen,gram,100,276.00,2.0,64.8,1.0,,,,,,,,,,,,,,,,,,,,,,,,
runderlappen (vet),gram,100,278.00,31.0,0.7,16.9,,,,,,,,,,,,,,,,,,,,,,,,
runderpoelet,gram,100,195.00,30.8,0.5,7.8,,,,,,,,,,,,,,,,,,,,,,,,
runderrollade,gram,100,167.00,28.3,0.8,5.7,,,,,,,,,,,,,,,,,,,,,,,,
rundertong,gram,100,210.00,16.0,0.5,16.0,,,,,,,,,,,,,,,,,,,,,,,,
salami,gram,100,386.00,18.00,0.0,35,,,,,,,,,,,,,,,,,,,,,,,,
sambal oelek,gram,100,20.00,3.0,2.0,0.0,,,,,,,,,,,,,,,,,,,,,,,,
sandwich,gram,100,325.00,11.00,48.00,10,stuk (45 g)=45,1,146,5,21.6,4.5,,,,,,,,,,,,,,,,,,
sandwichspread| komkommer,gram,100,157.00,1.00,14.00,11,,,,,,,,,,,,,,,,,,,,,,,,
sandwichspread| naturel,gram,100,228.00,2.0,14.5,18.0,,,,,,,,,,,,,,,,,,,,,,,,
sardines (blik),gram,100,226.00,24.0,1.0,14.0,,,,,,,,,,,,,,,,,,,,,,,,
saté kip-met saus,gram,100,187.00,16.0,6.0,11.0,,,,,,,,,,,,,,,,,,,,,,,,
saté varkens-met saus,gram,100,226.00,15.1,6.8,15.4,,,,,,,,,,,,,,,,,,,,,,,,
satésaus| op basis van pakje,gram,100,146.00,4.00,20.00,6,eetlepel (15 g)=15,1,22,0.6,3,0.9,,,,,,,,,,,,,,,,,,
satésaus| op basis van potje,gram,100,263.00,8.00,22.00,16,eetlepel (15 g)=15,1,39,1.2,3.3,2.4,,,,,,,,,,,,,,,,,,
saucijs,gram,100,308.00,22.2,0.9,24.0,,,,,,,,,,,,,,,,,,,,,,,,
saucijzenbroodje,gram,100,446.00,11.0,33.0,30.0,stuk (75 g)=75,1,335,8.25,24.75,22.5,,,,,,,,,,,,,,,,,,
saucisson,gram,100,375.00,15.0,0.7,34.7,,,,,,,,,,,,,,,,,,,,,,,,
savooiekool| gekookt,gram,100,29.00,2.00,3.00,1,schaaltje (70 g)=70,1,20,1.4,2.1,0.7,,,,,,,,,,,,,,,,,,
savooiekool| rauw,gram,100,29.00,2.00,3.00,1,schaaltje (70 g)=70,1,20,1.4,2.1,0.7,,,,,,,,,,,,,,,,,,
scampi,gram,100,90.00,18.0,0.0,2.0,,,,,,,,,,,,,,,,,,,,,,,,
schapentong,gram,100,187.00,13.5,0.0,14.8,,,,,,,,,,,,,,,,,,,,,,,,
schapevlees,gram,100,293.00,17.0,0.0,25.0,,,,,,,,,,,,,,,,,,,,,,,,
schar (gebakken),gram,100,118.00,21.5,0.6,3.3,,,,,,,,,,,,,,,,,,,,,,,,
schelvis,gram,100,76.00,18.0,0.0,0.5,,,,,,,,,,,,,,,,,,,,,,,,
schelvislever,gram,100,408.00,7.0,0.0,42.3,,,,,,,,,,,,,,,,,,,,,,,,
schnitzel| kip-| gepaneerd,gram,100,217.00,17.5,8.3,12.7,,,,,,,,,,,,,,,,,,,,,,,,
schnitzel| met kaas,gram,100,324.00,18.0,18.0,20.0,,,,,,,,,,,,,,,,,,,,,,,,
schnitzel| vegetarisch,gram,100,272.00,15.5,14.4,17.0,,,,,,,,,,,,,,,,,,,,,,,,
schnitzel| vis-,gram,100,238.00,16.4,13.9,13.0,,,,,,,,,,,,,,,,,,,,,,,,
schnitzel| wiener,gram,100,188.00,20.1,6.3,9.2,,,,,,,,,,,,,,,,,,,,,,,,
schol,gram,100,68.00,17.0,0.0,0.1,,,,,,,,,,,,,,,,,,,,,,,,
schorseneren| gekookt,gram,100,81.00,1.00,17.00,1,schaaltje (70 g)=70,1,57,0.7,11.9,0.7,,,,,,,,,,,,,,,,,,
Schuimwijn,ml,100,71.00,,1.50,,glas (125 ml)=125,1,89,,1.88,,,,,,,,,,,,,,,,,,,
seitan,gram,100,90.00,19.6,3.0,0.0,,,,,,,,,,,,,,,,,,,,,,,,
selderij| bleek- of blad-,gram,100,12.00,1.00,2.00,0.0,,,,,,,,,,,,,,,,,,,,,,,,
selderij| knol-| gekookt,gram,100,32.00,2.0,6.00,0.0,,,,,,,,,,,,,,,,,,,,,,,,
selderij| knol-| rauw,gram,100,28.00,2.00,5.00,0,,,,,,,,,,,,,,,,,,,,,,,,
selderijsalade,gram,100,334.00,1.0,6.0,34.0,,,,,,,,,,,,,,,,,,,,,,,,
selderstengel,gram,100,21.00,1.2,3.6,0.2,,,,,,,,,,,,,,,,,,,,,,,,
sesampasta (tahin),gram,100,577.00,22.00,6.00,52,,,,,,,,,,,,,,,,,,,,,,,,
sesamzaad,gram,100,614.00,26.0,6.0,54.0,,,,,,,,,,,,,,,,,,,,,,,,
Sherry| droog,ml,100,116.00,0.20,1.40,0,glas (50 ml)=50,1,58,0.1,0.7,0,,,,,,,,,,,,,,,,,,
Sherry| zoet,ml,100,138.00,0.30,6.90,0.0,glas (50 ml)=50,1,69,0.15,3.45,0,,,,,,,,,,,,,,,,,,
shoarma m. broodje,gram,100,236.00,10.8,14.7,14.9,,,,,,,,,,,,,,,,,,,,,,,,
shoarmarol,gram,100,176.00,7.0,18.6,8.2,,,,,,,,,,,,,,,,,,,,,,,,
shoarmavlees,gram,100,293.00,17.0,0.0,25.0,,,,,,,,,,,,,,,,,,,,,,,,
sinaasappel,gram,100,38.00,1.10,8.50,0,stuk (150 g)=150,1,57,1.65,12.75,0,,,,,,,,,,,,,,,,,,
sinaasappelsap,ml,100,39.00,1.00,9.00,0,glas (200 ml)=200,1,78,2,18,0,,,,,,,,,,,,,,,,,,
sjalot,gram,100,75.00,1.3,17.0,0.2,eetlepel (10 g)=10,1,8,0.13,1.7,0.02,,,,,,,,,,,,,,,,,,
sla,gram,100,7.00,1.00,0.50,0.0,,,,,,,,,,,,,,,,,,,,,,,,
slagroom (geklopt),gram,100,349.00,2.0,12.7,32.3,,,,,,,,,,,,,,,,,,,,,,,,
slagroom (ongeklopt),gram,100,344.00,2.2,3.0,35.9,,,,,,,,,,,,,,,,,,,,,,,,
slagroomsoesje,gram,100,309.00,4.4,13.5,26.4,stuk (groot/70 g)=70,1,216,3.08,9.45,18.48,klein (45 g)=45,1,139,1.98,6.08,11.88,,,,,,,,,,,,
slagroomtaart,gram,100,332.00,5.5,30.0,20.0,punt (90 g)=90,1,299,4.95,27,18,,,,,,,,,,,,,,,,,,
slakken,gram,100,81.00,16.0,2.0,1.0,,,,,,,,,,,,,,,,,,,,,,,,
slasaus 25%,gram,100,279.00,0.7,11.0,25.8,,,,,,,,,,,,,,,,,,,,,,,,
slasaus 5% olie of light,gram,100,93.00,0.1,12.0,5.0,,,,,,,,,,,,,,,,,,,,,,,,
slasaus 50%,gram,100,478.00,1.0,6.0,50.0,,,,,,,,,,,,,,,,,,,,,,,,
slavink,gram,100,298.00,21.1,0.0,23.8,,,,,,,,,,,,,,,,,,,,,,,,
smarties,gram,100,483.00,4.6,70.5,20.3,,,,,,,,,,,,,,,,,,,,,,,,
Snickers,gram,100,509.00,10.00,53.00,29,stuk (groot/50 g)=50,1,255,5,26.5,14.5,,,,,,,,,,,,,,,,,,
snijbiet,gram,100,24.00,3.0,3.0,0.0,schaaltje (70 g)=70,1,17,2.1,2.1,0,,,,,,,,,,,,,,,,,,
snoek,gram,100,82.00,18.2,0.0,1.0,,,,,,,,,,,,,,,,,,,,,,,,
snoep - bonbon,gram,100,409.00,4.5,62.8,15.6,stuk (15 g)=15,1,61,0.68,9.42,2.34,,,,,,,,,,,,,,,,,,
snoep - bonbon (met likeur),gram,100,351.00,3.0,42.2,18.9,stuk (15 g)=15,1,53,0.45,6.33,2.84,,,,,,,,,,,,,,,,,,
snoep - borstplaat (room),gram,100,328.00,0.8,72.2,4.1,stuk (10 g)=10,1,33,0.08,7.22,0.41,,,,,,,,,,,,,,,,,,
snoep - borstplaat (water),gram,100,380.00,0.0,95.0,0.0,stuk (10 g)=10,1,38,0,9.5,0,,,,,,,,,,,,,,,,,,
soep,gram,100,29.00,1.0,4.0,1.0,kop (250 g)=250,1,73,2.5,10,2.5,,,,,,,,,,,,,,,,,,
soep| asperge-,gram,100,60.00,0.40,3.00,5,kop (250 g)=250,1,150,1,7.5,12.5,,,,,,,,,,,,,,,,,,
soep| bruine bonen-,gram,100,46.00,3.5,7.5,0.3,kop (250 g)=250,1,115,8.75,18.75,0.75,,,,,,,,,,,,,,,,,,
soep| erwten-,gram,100,60.00,3.00,7.00,2,kop (250 g)=250,1,150,7.5,17.5,5,,,,,,,,,,,,,,,,,,
soep| gebonden| groenten,gram,100,34.00,1.00,3.00,2,kop (250 g)=250,1,85,2.5,7.5,5,,,,,,,,,,,,,,,,,,
soep| gebonden| vlees,gram,100,64.00,5.00,2.00,4,kop (250 g)=250,1,160,12.5,5,10,,,,,,,,,,,,,,,,,,
soep| gebonden| vlees en groenten,gram,100,47.00,3.00,3.00,3,kop (250 g)=250,1,118,7.5,7.5,7.5,,,,,,,,,,,,,,,,,,
soep| helder| groenten,gram,100,8.00,1.00,1.00,0,kop (250 g)=250,1,20,2.5,2.5,0,,,,,,,,,,,,,,,,,,
soep| helder| vlees,gram,100,40.00,5.00,0.00,2,kop (250 g)=250,1,100,12.5,0,5,,,,,,,,,,,,,,,,,,
soep| helder| vlees en groenten,gram,100,35.00,4.00,1.00,2,kop (250 g)=250,1,88,10,2.5,5,,,,,,,,,,,,,,,,,,
soep| linzen-,gram,100,50.00,1.6,5.1,2.6,kop (250 g)=250,1,125,4,12.75,6.5,,,,,,,,,,,,,,,,,,
soep| maaltijd-,gram,100,63.00,3.0,6.0,3.0,kop (250 g)=250,1,158,7.5,15,7.5,,,,,,,,,,,,,,,,,,
soep| minestrone-,gram,100,74.00,5.0,9.0,2.0,kop (250 g)=250,1,185,12.5,22.5,5,,,,,,,,,,,,,,,,,,
soep| uien-| franse,gram,100,62.00,3.0,8.0,2.0,kop (250 g)=250,1,155,7.5,20,5,,,,,,,,,,,,,,,,,,
soep| vermicelli-,gram,100,14.00,1.00,2.00,0,kop (250 g)=250,1,35,2.5,5,0,,,,,,,,,,,,,,,,,,
soep| vermicelli-| groenten,gram,100,15.00,1.00,2.00,0,kop (250 g)=250,1,38,2.5,5,0,,,,,,,,,,,,,,,,,,
soep| vermicelli-| vlees,gram,100,46.00,5.00,2.00,2,kop (250 g)=250,1,115,12.5,5,5,,,,,,,,,,,,,,,,,,
soep| vermicelli-| vlees en groenten,gram,100,41.00,5.00,2.00,2,kop (250 g)=250,1,103,12.5,5,5,,,,,,,,,,,,,,,,,,
soepgroenten,gram,100,32.00,2.0,6.0,0.0,,,,,,,,,,,,,,,,,,,,,,,,
soepstengel,gram,100,360.00,14.0,67.0,4.0,,,,,,,,,,,,,,,,,,,,,,,,
sojabrokjes,gram,100,114.00,17.2,10.6,0.3,,,,,,,,,,,,,,,,,,,,,,,,
sojaproduct| tempé,gram,100,141.00,10.8,8.0,7.3,,,,,,,,,,,,,,,,,,,,,,,,
sojasaus,gram,100,120.00,12.0,18.0,0.0,,,,,,,,,,,,,,,,,,,,,,,,
sojascheuten| gekookt,gram,100,49.00,6.00,4.00,1,,,,,,,,,,,,,,,,,,,,,,,,
sojascheuten| rauw,gram,100,41.00,5.00,3.00,1,,,,,,,,,,,,,,,,,,,,,,,,
spaghetti Bolognese,gram,100,120.00,6.00,12.00,6,,,,,,,,,,,,,,,,,,,,,,,,
sparerib,gram,100,308.00,22.2,0.9,24.0,,,,,,,,,,,,,,,,,,,,,,,,
speculaas,gram,100,489.00,6.00,73.0,20.0,stuk (10 g)=10,1,49,0.6,7.3,2,,,,,,,,,,,,,,,,,,
spek (gezouten),gram,100,522.00,10.6,0.0,53.3,,,,,,,,,,,,,,,,,,,,,,,,
spekkie,gram,100,352.00,6.0,82.0,0.0,stuk (6 g)=6,1,21,0.36,4.92,0,,,,,,,,,,,,,,,,,,
spinazie à la crème,gram,100,49.00,3.00,2.90,2.9,,,,,,,,,,,,,,,,,,,,,,,,
spinazie| gekookt,gram,100,12.00,2.00,1.00,0.0,schaaltje (35 g)=35,1,4,0.7,0.35,0,,,,,,,,,,,,,,,,,,
spitskool| gekookt,gram,100,16.00,1.00,2.00,1,schaaltje (70 g)=70,1,11,0.7,1.4,0.7,,,,,,,,,,,,,,,,,,
spitskool| rauw,gram,100,37.00,3.0,4.0,1.0,schaaltje (70 g)=70,1,26,2.1,2.8,0.7,,,,,,,,,,,,,,,,,,
Sprite,ml,100,40.00,0.00,10.10,0,glas (200 ml)=200,1,81,0,20.2,0,flesje (20 cl)=200,1,81,0,20.2,0,blikje (33 cl)=330,1,133,0,33.33,0,,,,,,
Sprite Light,ml,100,0.00,0.00,0.00,0,glas (200 ml)=200,1,0,0,0,0,flesje (20 cl)=200,1,0,0,0,0,blikje (33 cl)=330,1,0,0,0,0,,,,,,
spritskoek,gram,100,539.00,5.5,58.7,31.4,stuk (25 g)=25,1,135,1.38,14.68,7.85,,,,,,,,,,,,,,,,,,
sprot| gerookt,gram,100,266.00,19.40,0.00,21,,,,,,,,,,,,,,,,,,,,,,,,
spruiten,gram,100,29.00,3.30,4.10,0,,,,,,,,,,,,,,,,,,,,,,,,
strooiaroma,gram,100,180.00,10.00,25.00,4,,,,,,,,,,,,,,,,,,,,,,,,
stroop| appel-,gram,100,226.00,2.00,55.00,0,koffielepel (11 g)=11,1,25,0.22,6.05,0,,,,,,,,,,,,,,,,,,
stroop| keuken-,gram,100,300.00,0.0,75.00,0.0,koffielepel (11 g)=11,1,33,0,8.25,0,,,,,,,,,,,,,,,,,,
struisvogelsteak,gram,100,108.00,21.0,0.0,2.7,,,,,,,,,,,,,,,,,,,,,,,,
studentenhaver,gram,100,468.00,8.8,35.3,32.4,,,,,,,,,,,,,,,,,,,,,,,,
sucadelappen,gram,100,248.00,33.0,0.0,13.0,,,,,,,,,,,,,,,,,,,,,,,,
suiker,gram,100,400.00,0.0,100.0,0.0,klontje (6 g)=6,1,24,0,6,0,mini klontje (3 g)=3,1,12,0,3,0,,,,,,,,,,,,
taai-taai,gram,100,263.00,3.4,60.4,0.9,stuk (20 g)=20,1,53,0.68,12.08,0.18,,,,,,,,,,,,,,,,,,
tagliatelle met gerookte zalm (Bofrost),gram,100,105.00,6.70,12.60,3.1,portie (450 g)=450,1,473,30.15,56.7,13.95,,,,,,,,,,,,,,,,,,
tamari,gram,100,102.00,15.0,10.0,0.3,,,,,,,,,,,,,,,,,,,,,,,,
tartaar| bereid,gram,100,189.00,25.6,1.2,9.1,,,,,,,,,,,,,,,,,,,,,,,,
tartaar| rauw,gram,100,127.00,22.00,0.00,4,,,,,,,,,,,,,,,,,,,,,,,,
tarwekiemen,gram,100,326.00,27.00,32.00,10,,,,,,,,,,,,,,,,,,,,,,,,
tiramisu,gram,100,329.00,5.50,23.80,23.5,,,,,,,,,,,,,,,,,,,,,,,,
tjaptjoi,gram,100,40.00,6.00,3.00,1,,,,,,,,,,,,,,,,,,,,,,,,
toffee,gram,100,445.00,2.0,71.0,17.0,stuk (5 g)=5,1,22,0.1,3.55,0.85,,,,,,,,,,,,,,,,,,
tomaten,gram,100,11.00,0.90,1.90,0.0,stuk (175 g)=175,1,19,1.575,3.325,0,,,,,,,,,,,,,,,,,,
tomatengroentesap,gram,100,20.00,1.0,4.0,0.0,,,,,,,,,,,,,,,,,,,,,,,,
tomatenpuree,gram,100,77.00,4.6,13.6,0.5,,,,,,,,,,,,,,,,,,,,,,,,
tomatensap,gram,100,18.00,1.0,3.5,0.0,glas (200 g)=200,1,36,2,7,0,,,,,,,,,,,,,,,,,,
tompouce,gram,100,286.00,3.8,36.5,13.9,stuk (85 g)=85,1,243,3.23,31,11.82,,,,,,,,,,,,,,,,,,
tong (gebakken),gram,100,194.00,22.0,2.0,10.9,,,,,,,,,,,,,,,,,,,,,,,,
tong (gekookt),gram,100,105.00,23.0,1.0,1.0,,,,,,,,,,,,,,,,,,,,,,,,
tongfilets,gram,100,72.00,18.0,0.0,0.0,,,,,,,,,,,,,,,,,,,,,,,,
Tonic,ml,100,43.00,0.00,10.42,0,glas (200 ml)=200,1,86,0,20.84,0,,,,,,,,,,,,,,,,,,
tonijn| in olie (blik),gram,100,228.00,21.0,0.0,16.0,,,,,,,,,,,,,,,,,,,,,,,,
tonijn| naturel in water (blik),gram,100,494.00,26.00,0.0,1,,,,,,,,,,,,,,,,,,,,,,,,
tonijn| rauw,gram,100,101.00,24.00,0.0,1,,,,,,,,,,,,,,,,,,,,,,,,
toost,gram,100,384.00,11.70,73.90,4.6,,,,,,,,,,,,,,,,,,,,,,,,
topping met suiker| geklopt,gram,100,216.00,4.0,23.0,12.0,,,,,,,,,,,,,,,,,,,,,,,,
tosti/croque monsieur,gram,100,286.00,12.30,26.70,14.5,stuk (200 g)=200,1,572,24.6,53.4,29,,,,,,,,,,,,,,,,,,
tuinkers,gram,100,8.00,2.00,0.00,0,,,,,,,,,,,,,,,,,,,,,,,,
tutti-frutti| gedroogd,gram,100,242.00,2.00,59.00,0,,,,,,,,,,,,,,,,,,,,,,,,
tutti-frutti| geweekt,gram,100,98.00,1.0,23.5,0.0,,,,,,,,,,,,,,,,,,,,,,,,
tv-worstjes (zwan),gram,100,178.00,9.0,4.0,14.0,,,,,,,,,,,,,,,,,,,,,,,,
tweedrank,gram,100,40.00,0.2,9.9,0.0,,,,,,,,,,,,,,,,,,,,,,,,
Twix,gram,100,487.00,5.00,64.00,23,pakje (2 repen van 29 g)=58,1,277,3.0,37.0,13.0,,,,,,,,,,,,,,,,,,
ui,gram,100,12.00,1.50,1.50,0,,,,,,,,,,,,,,,,,,,,,,,,
umer,gram,100,65.00,6.5,3.0,3.0,,,,,,,,,,,,,,,,,,,,,,,,
vanillepudding,gram,100,105.00,4.5,19.0,1.3,,,,,,,,,,,,,,,,,,,,,,,,
vanillevla| mager,gram,100,67.00,3.5,13.0,0.1,,,,,,,,,,,,,,,,,,,,,,,,
vanillevla| vol,gram,100,75.00,2.9,10.1,2.6,,,,,,,,,,,,,,,,,,,,,,,,
varkensfilet,gram,100,178.00,31.3,0.0,5.8,,,,,,,,,,,,,,,,,,,,,,,,
varkenshaas,gram,100,147.00,27.6,0.4,3.9,,,,,,,,,,,,,,,,,,,,,,,,
varkenskotelet,gram,100,336.00,15.4,0.0,30.5,,,,,,,,,,,,,,,,,,,,,,,,
varkenslap (mager),gram,100,172.00,30.2,0.2,5.6,,,,,,,,,,,,,,,,,,,,,,,,
varkenslap (vet),gram,100,305.00,22.0,0.7,23.9,,,,,,,,,,,,,,,,,,,,,,,,
varkensoester,gram,100,147.00,27.6,0.4,3.9,,,,,,,,,,,,,,,,,,,,,,,,
varkensreuzel,gram,100,898.00,0.1,0.0,99.7,,,,,,,,,,,,,,,,,,,,,,,,
varkensschnitsel,gram,100,156.00,21.0,0.0,8.0,,,,,,,,,,,,,,,,,,,,,,,,
varkensschouderlap,gram,100,272.00,27.6,0.0,18.0,,,,,,,,,,,,,,,,,,,,,,,,
varkenstong,gram,100,227.00,15.1,0.5,18.3,,,,,,,,,,,,,,,,,,,,,,,,
varkensvlees (mager),gram,100,161.00,20.0,0.0,9.0,,,,,,,,,,,,,,,,,,,,,,,,
vegetarische groenteschijf,gram,100,133.00,3.5,12.8,7.5,,,,,,,,,,,,,,,,,,,,,,,,
vegetarische hamburger,gram,100,159.00,17.5,9.8,5.5,,,,,,,,,,,,,,,,,,,,,,,,
vegetarische kebab,gram,100,150.00,18.5,7.7,5.0,,,,,,,,,,,,,,,,,,,,,,,,
veldsla,gram,100,20.00,2.00,3.00,0,,,,,,,,,,,,,,,,,,,,,,,,
venkel,gram,100,21.00,2.40,2.80,0,,,,,,,,,,,,,,,,,,,,,,,,
viennetta,ml,100,155.00,2.0,12.0,11.0,,,,,,,,,,,,,,,,,,,,,,,,
vieux,gram,,200.00,0.00,1.00,0.0,glas (50 ml)=50,1,100,0,0.5,0,,,,,,,,,,,,,,,,,,
vijgen| gedroogd,gram,100,228.00,4.0,53.0,0.0,,,,,,,,,,,,,,,,,,,,,,,,
vijgen| vers,gram,100,63.00,0.9,13.0,0.8,,,,,,,,,,,,,,,,,,,,,,,,
vinaigrettesaus,gram,100,253.00,0.30,4.90,25.9,,,,,,,,,,,,,,,,,,,,,,,,
vinaigrettesaus met kruiden,gram,100,447.00,0.50,2.40,48.5,,,,,,,,,,,,,,,,,,,,,,,,
vinaigrettesaus met vruchten,gram,100,421.00,0.70,11.80,41.2,,,,,,,,,,,,,,,,,,,,,,,,
visburger,gram,100,238.00,16.4,13.9,13.0,,,,,,,,,,,,,,,,,,,,,,,,
vissticks| gebakken,gram,100,183.00,12.80,16.50,7.3,,,,,,,,,,,,,,,,,,,,,,,,
vissticks| gefrituurd,gram,100,271.00,13.20,27.00,12.3,,,,,,,,,,,,,,,,,,,,,,,,
vleessaus uit pakje,gram,100,76.00,1.7,7.2,4.5,,,,,,,,,,,,,,,,,,,,,,,,
vruchten op siroop,gram,100,76.00,0.4,18.7,0.0,,,,,,,,,,,,,,,,,,,,,,,,
vruchtenhagelslag,gram,100,393.00,0.1,98.2,0.0,koffielepel (6 g)=6,1,24,0.006,5.89,0,,,,,,,,,,,,,,,,,,
vruchtenkoekje,gram,100,292.00,0.0,73.0,0.0,,,,,,,,,,,,,,,,,,,,,,,,
vruchtensap,gram,100,41.00,0.0,10.1,0.0,,,,,,,,,,,,,,,,,,,,,,,,
vruchtensaus,gram,100,160.00,0.0,40.0,0.0,,,,,,,,,,,,,,,,,,,,,,,,
vruchtentaart,gram,100,264.00,3.7,36.3,11.6,,,,,,,,,,,,,,,,,,,,,,,,
vruchtenvlaai,gram,100,231.00,3.6,37.4,7.5,,,,,,,,,,,,,,,,,,,,,,,,
wafel| brusselse,gram,100,,,42.00,,stuk (40 g)=40,1,,,16.8,,stuk (80 g)=80,1,,,33.6,,,,,,,,,,,,,
wafel| chocolade-,gram,100,472.00,5.0,59.0,24.0,,,,,,,,,,,,,,,,,,,,,,,,
wafel| kaas-,gram,100,565.00,14.3,37.4,39.9,,,,,,,,,,,,,,,,,,,,,,,,
wafel| penny-,gram,100,482.00,5.6,67.5,21.1,stuk (25 g)=25,1,121,1.4,16.88,5.28,,,,,,,,,,,,,,,,,,
wafel| rijst-,gram,100,375.00,7.00,82.00,2,stuk (8 g)=8,1,30,0.56,6.56,0.16,,,,,,,,,,,,,,,,,,
wafel| stroop-,gram,100,425.00,4.00,67.00,16,stuk (30 g)=30,1,128,1.2,20.1,4.8,,,,,,,,,,,,,,,,,,
wafel| suiker-,gram,100,467.00,5.0,60.0,23.0,stuk (45 g)=45,1,210,2.25,27,10.35,,,,,,,,,,,,,,,,,,
watergruwel,gram,100,60.00,1.0,14.0,0.0,,,,,,,,,,,,,,,,,,,,,,,,
waterkers,gram,100,21.00,1.6,2.9,0.3,,,,,,,,,,,,,,,,,,,,,,,,
Whisky,ml,100,236.00,0.00,0.00,0,glas (50 ml)=50,1,123,0,0,0,,,,,,,,,,,,,,,,,,
Wijn| rood,ml,100,67.00,0.00,0.25,0,glas (130 ml)=130,1,87,0.00,0.33,0.00,,,,,,,,,,,,,,,,,,
Wijn| rosé,ml,100,71.00,0.00,2.48,0,glas (130 ml)=130,1,92,0.00,3.22,0.00,,,,,,,,,,,,,,,,,,
Wijn| wit| droog,ml,100,67.00,0.00,0.64,0,glas (130 ml)=130,1,87,0.00,0.83,0.00,,,,,,,,,,,,,,,,,,
Wijn| wit| zoet,ml,100,96.00,0.00,5.92,0,glas (130 ml)=130,1,125,0.00,7.70,0.00,,,,,,,,,,,,,,,,,,
wijting,gram,100,77.00,18.0,0.0,0.6,,,,,,,,,,,,,,,,,,,,,,,,
winegums,gram,100,204.00,1.0,50.0,0.0,stuk (5 g)=5,1,10,0.05,2.5,0,,,,,,,,,,,,,,,,,,
witlof,gram,100,12.00,1.0,2.0,0.0,,,,,,,,,,,,,,,,,,,,,,,,
wittekool| gekookt,gram,100,11.00,0.9,1.8,0.0,schaaltje (70 g)=70,1,8,0.7,1.4,0,,,,,,,,,,,,,,,,,,
wittekool| rauw,gram,100,24.00,2.0,4.0,0.0,schaaltje (70 g)=70,1,17,1.4,2.8,0,,,,,,,,,,,,,,,,,,
wodka,ml,100,243.00,0.00,0.00,0,,,,,,,,,,,,,,,,,,,,,,,,
worst| bloed-,gram,100,286.00,18.00,4.00,22,,,,,,,,,,,,,,,,,,,,,,,,
worst| boterham-,gram,100,308.00,12.00,3.00,28,,,,,,,,,,,,,,,,,,,,,,,,
worst| boterham-| mager,gram,100,206.00,12.00,4.00,16,,,,,,,,,,,,,,,,,,,,,,,,
worst| braad- | varken,gram,100,308.00,22.2,0.9,24.0,,,,,,,,,,,,,,,,,,,,,,,,
worst| gekookt,gram,100,313.00,13.00,2.50,28,,,,,,,,,,,,,,,,,,,,,,,,
worst| gekookt| mager,grm,100,221.00,14.00,3.00,17,,,,,,,,,,,,,,,,,,,,,,,,
worst| knak-,gram,100,200.00,13.00,6.00,14,,,,,,,,,,,,,,,,,,,,,,,,
worst| knak-| mager (blik/glas),gram,100,158.00,15.00,4.00,9,,,,,,,,,,,,,,,,,,,,,,,,
worst| lever-,gram,100,307.00,18.00,2.00,25,,,,,,,,,,,,,,,,,,,,,,,,
worst| lever- | saksische,gram,100,384.00,13.0,2.0,36.0,,,,,,,,,,,,,,,,,,,,,,,,
worst| lever-| hausmacher,gram,100,266.00,15.00,5.00,20,,,,,,,,,,,,,,,,,,,,,,,,
worst| osse-,gram,100,232.00,25.0,0.7,14.4,,,,,,,,,,,,,,,,,,,,,,,,
worst| paling-,gram,100,338.00,12.00,5.00,30,,,,,,,,,,,,,,,,,,,,,,,,
worst| rook-,gram,100,326.00,14.00,1.00,30,,,,,,,,,,,,,,,,,,,,,,,,
worst| rook-| mager,gram,100,248.00,16.0,1.0,20.0,,,,,,,,,,,,,,,,,,,,,,,,
worst| salami-,gram,100,386.00,18.00,0.00,,,,,,,,,,,,,,,,,,,,,,,,,
worst| thee,gram,100,373.00,13.00,0.00,36,,,,,,,,,,,,,,,,,,,,,,,,
worstenbroodje,gram,100,380.00,12.00,34.00,22,stuk (75 g)=75,1,285,9,25.5,16.5,,,,,,,,,,,,,,,,,,
worstjes| weense (zwan),gram,100,119.00,10.0,4.0,7.0,,,,,,,,,,,,,,,,,,,,,,,,
wortelen,gram,100,32.00,1.0,7.0,0.0,,,,,,,,,,,,,,,,,,,,,,,,
wortelpuree,gram,100,104.00,2.50,12.50,6,,,,,,,,,,,,,,,,,,,,,,,,
yoghurt| bio nature,gram,100,68.00,3.8,5.5,3.4,,,,,,,,,,,,,,,,,,,,,,,,
yoghurt| bulgaarse| fruit,gram,100,124.00,5.0,17.0,4.0,,,,,,,,,,,,,,,,,,,,,,,,
yoghurt| bulgaarse| mager,gram,100,48.00,5.0,6.0,0.5,,,,,,,,,,,,,,,,,,,,,,,,
yoghurt| bulgaarse| vol,gram,100,89.00,4.8,7.0,4.7,,,,,,,,,,,,,,,,,,,,,,,,
yoghurt| halfvol,gram,100,50.00,4.3,4.7,1.5,,,,,,,,,,,,,,,,,,,,,,,,
yoghurt| light met fruit,gram,100,43.00,4.0,6.0,0.4,,,,,,,,,,,,,,,,,,,,,,,,
yoghurt| mager,gram,100,42.00,4.0,5.0,0.7,,,,,,,,,,,,,,,,,,,,,,,,
yoghurt| mager met fruit,gram,100,65.00,3.6,12.4,0.1,,,,,,,,,,,,,,,,,,,,,,,,
yoghurt| vol,gram,100,56.00,3.4,3.5,3.2,,,,,,,,,,,,,,,,,,,,,,,,
yoghurt| vol met fruit,gram,100,93.00,4.0,14.2,2.3,,,,,,,,,,,,,,,,,,,,,,,,
yoghurtdrank,gram,100,66.00,3.2,13.3,0.0,,,,,,,,,,,,,,,,,,,,,,,,
yogonaise,gram,100,276.00,0.8,12.0,25.0,,,,,,,,,,,,,,,,,,,,,,,,
zalm,gram,100,222.00,18.40,0.0,16.5,,,,,,,,,,,,,,,,,,,,,,,,
zalmforel,gram,100,134.00,21.40,0.0,5.4,,,,,,,,,,,,,,,,,,,,,,,,
zemelen,gram,100,218.00,14.0,27.0,6.0,,,,,,,,,,,,,,,,,,,,,,,,
zilveruien (zoetzuur),gram,100,28.00,0.0,7.0,0.0,,,,,,,,,,,,,,,,,,,,,,,,
zonnebloempitten,gram,100,632.00,18.0,13.0,56.5,,,,,,,,,,,,,,,,,,,,,,,,
zout koekje,gram,100,611.00,7.0,40.0,47.0,,,,,,,,,,,,,,,,,,,,,,,,
zout stokje,gram,100,370.00,12.0,67.0,6.0,,,,,,,,,,,,,,,,,,,,,,,,
zure room,gram,100,203.00,2.7,3.2,20.0,,,,,,,,,,,,,,,,,,,,,,,,
zuring,gram,100,25.00,2.6,2.6,0.5,,,,,,,,,,,,,,,,,,,,,,,,
zuurkool| gekookt,gram,100,8.00,1.00,1.00,0,schaaltje (70 g)=70,1,6,0.7,0.7,0,,,,,,,,,,,,,,,,,,
zuurkool| rauw,gram,100,7.00,1.00,1.00,0,schaaltje (70 g)=70,1,5,0.7,0.7,0,,,,,,,,,,,,,,,,,,
zuurkoolsap,gram,100,7.00,1.00,1.00,0,glas (150 ml)=150,1,10,1.5,1.5,0,,,,,,,,,,,,,,,,,,
zuurkoolstamppot,gram,100,49.00,2.00,10.00,0,,,,,,,,,,,,,,,,,,,,,,,,
zuurtje,gram,100,380.00,0.0,95.0,0.0,stuk (5 g)=5,1,19,0,4.75,0,,,,,,,,,,,,,,,,,,
,,,,,,,,,,,,,,,,,,,,,,,,,,,,,,
,,,,,,,,,,,,,,,,,,,,,,,,,,,,,,
,,,,,,,,,,,,,,,,,,,,,,,,,,,,,,
,,,,,,,,,,,,,,,,,,,,,,,,,,,,,,
,,,,,,,,,,,,,,,,,,,,,,,,,,,,,,
,,,,,,,,,,,,,,,,,,,,,,,,,,,,,,
,,,,,,,,,,,,,,,,,,,,,,,,,,,,,,
,,,,,,,,,,,,,,,,,,,,,,,,,,,,,,
,,,,,,,,,,,,,,,,,,,,,,,,,,,,,,
,,,,,,,,,,,,,,,,,,,,,,,,,,,,,,
,,,,,,,,,,,,,,,,,,,,,,,,,,,,,,
,,,,,,,,,,,,,,,,,,,,,,,,,,,,,,
,,,,,,,,,,,,,,,,,,,,,,,,,,,,,,
,,,,,,,,,,,,,,,,,,,,,,,,,,,,,,
,,,,,,,,,,,,,,,,,,,,,,,,,,,,,,
,,,,,,,,,,,,,,,,,,,,,,,,,,,,,,
,,,,,,,,,,,,,,,,,,,,,,,,,,,,,,
,,,,,,,,,,,,,,,,,,,,,,,,,,,,,,
,,,,,,,,,,,,,,,,,,,,,,,,,,,,,,
,,,,,,,,,,,,,,,,,,,,,,,,,,,,,,
,,,,,,,,,,,,,,,,,,,,,,,,,,,,,,
,,,,,,,,,,,,,,,,,,,,,,,,,,,,,,
,,,,,,,,,,,,,,,,,,,,,,,,,,,,,,
,,,,,,,,,,,,,,,,,,,,,,,,,,,,,,
,,,,,,,,,,,,,,,,,,,,,,,,,,,,,,
,,,,,,,,,,,,,,,,,,,,,,,,,,,,,,
,,,,,,,,,,,,,,,,,,,,,,,,,,,,,,
,,,,,,,,,,,,,,,,,,,,,,,,,,,,,,
,,,,,,,,,,,,,,,,,,,,,,,,,,,,,,
,,,,,,,,,,,,,,,,,,,,,,,,,,,,,,
,,,,,,,,,,,,,,,,,,,,,,,,,,,,,,
,,,,,,,,,,,,,,,,,,,,,,,,,,,,,,
,,,,,,,,,,,,,,,,,,,,,,,,,,,,,,
,,,,,,,,,,,,,,,,,,,,,,,,,,,,,,
,,,,,,,,,,,,,,,,,,,,,,,,,,,,,,
,,,,,,,,,,,,,,,,,,,,,,,,,,,,,,
,,,,,,,,,,,,,,,,,,,,,,,,,,,,,,
,,,,,,,,,,,,,,,,,,,,,,,,,,,,,,
,,,,,,,,,,,,,,,,,,,,,,,,,,,,,,
,,,,,,,,,,,,,,,,,,,,,,,,,,,,,,
,,,,,,,,,,,,,,,,,,,,,,,,,,,,,,
,,,,,,,,,,,,,,,,,,,,,,,,,,,,,,
,,,,,,,,,,,,,,,,,,,,,,,,,,,,,,
,,,,,,,,,,,,,,,,,,,,,,,,,,,,,,
,,,,,,,,,,,,,,,,,,,,,,,,,,,,,,
,,,,,,,,,,,,,,,,,,,,,,,,,,,,,,
,,,,,,,,,,,,,,,,,,,,,,,,,,,,,,
,,,,,,,,,,,,,,,,,,,,,,,,,,,,,,
,,,,,,,,,,,,,,,,,,,,,,,,,,,,,,
,,,,,,,,,,,,,,,,,,,,,,,,,,,,,,
,,,,,,,,,,,,,,,,,,,,,,,,,,,,,,
,,,,,,,,,,,,,,,,,,,,,,,,,,,,,,
,,,,,,,,,,,,,,,,,,,,,,,,,,,,,,
,,,,,,,,,,,,,,,,,,,,,,,,,,,,,,
,,,,,,,,,,,,,,,,,,,,,,,,,,,,,,
,,,,,,,,,,,,,,,,,,,,,,,,,,,,,,
,,,,,,,,,,,,,,,,,,,,,,,,,,,,,,
,,,,,,,,,,,,,,,,,,,,,,,,,,,,,,
,,,,,,,,,,,,,,,,,,,,,,,,,,,,,,
,,,,,,,,,,,,,,,,,,,,,,,,,,,,,,
,,,,,,,,,,,,,,,,,,,,,,,,,,,,,,
,,,,,,,,,,,,,,,,,,,,,,,,,,,,,,
,,,,,,,,,,,,,,,,,,,,,,,,,,,,,,
,,,,,,,,,,,,,,,,,,,,,,,,,,,,,,
,,,,,,,,,,,,,,,,,,,,,,,,,,,,,,
,,,,,,,,,,,,,,,,,,,,,,,,,,,,,,
,,,,,,,,,,,,,,,,,,,,,,,,,,,,,,
,,,,,,,,,,,,,,,,,,,,,,,,,,,,,,
,,,,,,,,,,,,,,,,,,,,,,,,,,,,,,
,,,,,,,,,,,,,,,,,,,,,,,,,,,,,,
,,,,,,,,,,,,,,,,,,,,,,,,,,,,,,
,,,,,,,,,,,,,,,,,,,,,,,,,,,,,,
,,,,,,,,,,,,,,,,,,,,,,,,,,,,,,
,,,,,,,,,,,,,,,,,,,,,,,,,,,,,,
,,,,,,,,,,,,,,,,,,,,,,,,,,,,,,
,,,,,,,,,,,,,,,,,,,,,,,,,,,,,,
,,,,,,,,,,,,,,,,,,,,,,,,,,,,,,
,,,,,,,,,,,,,,,,,,,,,,,,,,,,,,
,,,,,,,,,,,,,,,,,,,,,,,,,,,,,,
,,,,,,,,,,,,,,,,,,,,,,,,,,,,,,
,,,,,,,,,,,,,,,,,,,,,,,,,,,,,,
,,,,,,,,,,,,,,,,,,,,,,,,,,,,,,
,,,,,,,,,,,,,,,,,,,,,,,,,,,,,,
,,,,,,,,,,,,,,,,,,,,,,,,,,,,,,
,,,,,,,,,,,,,,,,,,,,,,,,,,,,,,
,,,,,,,,,,,,,,,,,,,,,,,,,,,,,,
,,,,,,,,,,,,,,,,,,,,,,,,,,,,,,
,,,,,,,,,,,,,,,,,,,,,,,,,,,,,,
,,,,,,,,,,,,,,,,,,,,,,,,,,,,,,
,,,,,,,,,,,,,,,,,,,,,,,,,,,,,,
,,,,,,,,,,,,,,,,,,,,,,,,,,,,,,
,,,,,,,,,,,,,,,,,,,,,,,,,,,,,,
,,,,,,,,,,,,,,,,,,,,,,,,,,,,,,
,,,,,,,,,,,,,,,,,,,,,,,,,,,,,,
,,,,,,,,,,,,,,,,,,,,,,,,,,,,,,
,,,,,,,,,,,,,,,,,,,,,,,,,,,,,,
,,,,,,,,,,,,,,,,,,,,,,,,,,,,,,
,,,,,,,,,,,,,,,,,,,,,,,,,,,,,,
,,,,,,,,,,,,,,,,,,,,,,,,,,,,,,
,,,,,,,,,,,,,,,,,,,,,,,,,,,,,,
,,,,,,,,,,,,,,,,,,,,,,,,,,,,,,
,,,,,,,,,,,,,,,,,,,,,,,,,,,,,,
,,,,,,,,,,,,,,,,,,,,,,,,,,,,,,
,,,,,,,,,,,,,,,,,,,,,,,,,,,,,,
,,,,,,,,,,,,,,,,,,,,,,,,,,,,,,
,,,,,,,,,,,,,,,,,,,,,,,,,,,,,,
,,,,,,,,,,,,,,,,,,,,,,,,,,,,,,
,,,,,,,,,,,,,,,,,,,,,,,,,,,,,,
,,,,,,,,,,,,,,,,,,,,,,,,,,,,,,
,,,,,,,,,,,,,,,,,,,,,,,,,,,,,,
,,,,,,,,,,,,,,,,,,,,,,,,,,,,,,
,,,,,,,,,,,,,,,,,,,,,,,,,,,,,,
,,,,,,,,,,,,,,,,,,,,,,,,,,,,,,
,,,,,,,,,,,,,,,,,,,,,,,,,,,,,,
,,,,,,,,,,,,,,,,,,,,,,,,,,,,,,
,,,,,,,,,,,,,,,,,,,,,,,,,,,,,,
,,,,,,,,,,,,,,,,,,,,,,,,,,,,,,
,,,,,,,,,,,,,,,,,,,,,,,,,,,,,,
,,,,,,,,,,,,,,,,,,,,,,,,,,,,,,
,,,,,,,,,,,,,,,,,,,,,,,,,,,,,,
,,,,,,,,,,,,,,,,,,,,,,,,,,,,,,
,,,,,,,,,,,,,,,,,,,,,,,,,,,,,,
,,,,,,,,,,,,,,,,,,,,,,,,,,,,,,
,,,,,,,,,,,,,,,,,,,,,,,,,,,,,,
,,,,,,,,,,,,,,,,,,,,,,,,,,,,,,
,,,,,,,,,,,,,,,,,,,,,,,,,,,,,,
,,,,,,,,,,,,,,,,,,,,,,,,,,,,,,
,,,,,,,,,,,,,,,,,,,,,,,,,,,,,,
,,,,,,,,,,,,,,,,,,,,,,,,,,,,,,
,,,,,,,,,,,,,,,,,,,,,,,,,,,,,,
,,,,,,,,,,,,,,,,,,,,,,,,,,,,,,
,,,,,,,,,,,,,,,,,,,,,,,,,,,,,,
,,,,,,,,,,,,,,,,,,,,,,,,,,,,,,
,,,,,,,,,,,,,,,,,,,,,,,,,,,,,,
,,,,,,,,,,,,,,,,,,,,,,,,,,,,,,
,,,,,,,,,,,,,,,,,,,,,,,,,,,,,,
,,,,,,,,,,,,,,,,,,,,,,,,,,,,,,
,,,,,,,,,,,,,,,,,,,,,,,,,,,,,,
,,,,,,,,,,,,,,,,,,,,,,,,,,,,,,
,,,,,,,,,,,,,,,,,,,,,,,,,,,,,,
,,,,,,,,,,,,,,,,,,,,,,,,,,,,,,
,,,,,,,,,,,,,,,,,,,,,,,,,,,,,,
,,,,,,,,,,,,,,,,,,,,,,,,,,,,,,
,,,,,,,,,,,,,,,,,,,,,,,,,,,,,,
,,,,,,,,,,,,,,,,,,,,,,,,,,,,,,
,,,,,,,,,,,,,,,,,,,,,,,,,,,,,,
,,,,,,,,,,,,,,,,,,,,,,,,,,,,,,
,,,,,,,,,,,,,,,,,,,,,,,,,,,,,,
,,,,,,,,,,,,,,,,,,,,,,,,,,,,,,
,,,,,,,,,,,,,,,,,,,,,,,,,,,,,,
,,,,,,,,,,,,,,,,,,,,,,,,,,,,,,
